pth,speed,label
00003867-mask.png,0,0
00003867-mask.png,1,0
00003867-mask.png,2,0
00003867-mask.png,3,0
00003867-mask.png,4,1
00003868-mask.png,0,0
00003868-mask.png,1,0
00003868-mask.png,2,0
00003868-mask.png,3,0
00003868-mask.png,4,1
00003872-mask.png,0,0
00003872-mask.png,1,0
00003872-mask.png,2,0
00003872-mask.png,3,0
00003872-mask.png,4,1
00003873-mask.png,0,0
00003873-mask.png,1,0
00003873-mask.png,2,0
00003873-mask.png,3,0
00003873-mask.png,4,1
00003877-mask.png,0,0
00003877-mask.png,1,0
00003877-mask.png,2,0
00003877-mask.png,3,0
00003877-mask.png,4,1
00003878-mask.png,0,0
00003878-mask.png,1,0
00003878-mask.png,2,0
00003878-mask.png,3,0
00003878-mask.png,4,1
00003885-mask.png,0,0
00003885-mask.png,1,0
00003885-mask.png,2,0
00003885-mask.png,3,0
00003885-mask.png,4,1
00003886-mask.png,0,0
00003886-mask.png,1,0
00003886-mask.png,2,0
00003886-mask.png,3,0
00003886-mask.png,4,1
00003895-mask.png,0,0
00003895-mask.png,1,0
00003895-mask.png,2,0
00003895-mask.png,3,0
00003895-mask.png,4,1
00003896-mask.png,0,0
00003896-mask.png,1,0
00003896-mask.png,2,0
00003896-mask.png,3,0
00003896-mask.png,4,1
00003899-mask.png,0,0
00003899-mask.png,1,0
00003899-mask.png,2,0
00003899-mask.png,3,0
00003899-mask.png,4,1
00003908-mask.png,0,0
00003908-mask.png,1,0
00003908-mask.png,2,0
00003908-mask.png,3,0
00003908-mask.png,4,1
00003909-mask.png,0,0
00003909-mask.png,1,0
00003909-mask.png,2,0
00003909-mask.png,3,0
00003909-mask.png,4,1
00003917-mask.png,0,0
00003917-mask.png,1,0
00003917-mask.png,2,0
00003917-mask.png,3,1
00003917-mask.png,4,1
00003918-mask.png,0,0
00003918-mask.png,1,0
00003918-mask.png,2,0
00003918-mask.png,3,1
00003918-mask.png,4,1
00003922-mask.png,0,0
00003922-mask.png,1,0
00003922-mask.png,2,0
00003922-mask.png,3,1
00003922-mask.png,4,1
00003926-mask.png,0,0
00003926-mask.png,1,0
00003926-mask.png,2,0
00003926-mask.png,3,1
00003926-mask.png,4,1
00003931-mask.png,0,0
00003931-mask.png,1,0
00003931-mask.png,2,1
00003931-mask.png,3,1
00003931-mask.png,4,1
00003940-mask.png,0,0
00003940-mask.png,1,0
00003940-mask.png,2,1
00003940-mask.png,3,1
00003940-mask.png,4,1
00003941-mask.png,0,0
00003941-mask.png,1,0
00003941-mask.png,2,1
00003941-mask.png,3,1
00003941-mask.png,4,1
00003950-mask.png,0,0
00003950-mask.png,1,0
00003950-mask.png,2,1
00003950-mask.png,3,1
00003950-mask.png,4,1
00003951-mask.png,0,0
00003951-mask.png,1,0
00003951-mask.png,2,1
00003951-mask.png,3,1
00003951-mask.png,4,1
00003954-mask.png,0,0
00003954-mask.png,1,0
00003954-mask.png,2,1
00003954-mask.png,3,1
00003954-mask.png,4,1
00003964-mask.png,0,0
00003964-mask.png,1,0
00003964-mask.png,2,1
00003964-mask.png,3,1
00003964-mask.png,4,1
00003965-mask.png,0,0
00003965-mask.png,1,0
00003965-mask.png,2,1
00003965-mask.png,3,1
00003965-mask.png,4,1
00003973-mask.png,0,0
00003973-mask.png,1,1
00003973-mask.png,2,1
00003973-mask.png,3,1
00003973-mask.png,4,1
00003974-mask.png,0,0
00003974-mask.png,1,1
00003974-mask.png,2,1
00003974-mask.png,3,1
00003974-mask.png,4,1
00003979-mask.png,0,0
00003979-mask.png,1,1
00003979-mask.png,2,1
00003979-mask.png,3,1
00003979-mask.png,4,1
00003989-mask.png,0,0
00003989-mask.png,1,1
00003989-mask.png,2,1
00003989-mask.png,3,1
00003989-mask.png,4,1
00003990-mask.png,0,0
00003990-mask.png,1,1
00003990-mask.png,2,1
00003990-mask.png,3,1
00003990-mask.png,4,1
00003998-mask.png,0,0
00003998-mask.png,1,0
00003998-mask.png,2,1
00003998-mask.png,3,1
00003998-mask.png,4,1
00003999-mask.png,0,0
00003999-mask.png,1,0
00003999-mask.png,2,1
00003999-mask.png,3,1
00003999-mask.png,4,1
00004008-mask.png,0,0
00004008-mask.png,1,0
00004008-mask.png,2,1
00004008-mask.png,3,1
00004008-mask.png,4,1
00004013-mask.png,0,0
00004013-mask.png,1,0
00004013-mask.png,2,1
00004013-mask.png,3,1
00004013-mask.png,4,1
00004014-mask.png,0,0
00004014-mask.png,1,0
00004014-mask.png,2,1
00004014-mask.png,3,1
00004014-mask.png,4,1
00004017-mask.png,0,0
00004017-mask.png,1,0
00004017-mask.png,2,1
00004017-mask.png,3,1
00004017-mask.png,4,1
00004022-mask.png,0,0
00004022-mask.png,1,0
00004022-mask.png,2,1
00004022-mask.png,3,1
00004022-mask.png,4,1
00004031-mask.png,0,0
00004031-mask.png,1,0
00004031-mask.png,2,1
00004031-mask.png,3,1
00004031-mask.png,4,1
00004036-mask.png,0,0
00004036-mask.png,1,0
00004036-mask.png,2,1
00004036-mask.png,3,1
00004036-mask.png,4,1
00004037-mask.png,0,0
00004037-mask.png,1,0
00004037-mask.png,2,1
00004037-mask.png,3,1
00004037-mask.png,4,1
00004045-mask.png,0,0
00004045-mask.png,1,0
00004045-mask.png,2,1
00004045-mask.png,3,1
00004045-mask.png,4,1
00004046-mask.png,0,0
00004046-mask.png,1,0
00004046-mask.png,2,1
00004046-mask.png,3,1
00004046-mask.png,4,1
00004054-mask.png,0,0
00004054-mask.png,1,0
00004054-mask.png,2,1
00004054-mask.png,3,1
00004054-mask.png,4,1
00004055-mask.png,0,0
00004055-mask.png,1,0
00004055-mask.png,2,1
00004055-mask.png,3,1
00004055-mask.png,4,1
00004058-mask.png,0,0
00004058-mask.png,1,0
00004058-mask.png,2,1
00004058-mask.png,3,1
00004058-mask.png,4,1
00004067-mask.png,0,0
00004067-mask.png,1,0
00004067-mask.png,2,1
00004067-mask.png,3,1
00004067-mask.png,4,1
00004068-mask.png,0,0
00004068-mask.png,1,0
00004068-mask.png,2,1
00004068-mask.png,3,1
00004068-mask.png,4,1
00004071-mask.png,0,0
00004071-mask.png,1,0
00004071-mask.png,2,1
00004071-mask.png,3,1
00004071-mask.png,4,1
00004076-mask.png,0,0
00004076-mask.png,1,0
00004076-mask.png,2,1
00004076-mask.png,3,1
00004076-mask.png,4,1
00004087-mask.png,0,0
00004087-mask.png,1,0
00004087-mask.png,2,1
00004087-mask.png,3,1
00004087-mask.png,4,1
00004091-mask.png,0,0
00004091-mask.png,1,0
00004091-mask.png,2,1
00004091-mask.png,3,1
00004091-mask.png,4,1
00004093-mask.png,0,0
00004093-mask.png,1,0
00004093-mask.png,2,1
00004093-mask.png,3,1
00004093-mask.png,4,1
00004096-mask.png,0,0
00004096-mask.png,1,0
00004096-mask.png,2,1
00004096-mask.png,3,1
00004096-mask.png,4,1
00004101-mask.png,0,0
00004101-mask.png,1,0
00004101-mask.png,2,1
00004101-mask.png,3,1
00004101-mask.png,4,1
00004111-mask.png,0,0
00004111-mask.png,1,0
00004111-mask.png,2,1
00004111-mask.png,3,1
00004111-mask.png,4,1
00004116-mask.png,0,0
00004116-mask.png,1,0
00004116-mask.png,2,1
00004116-mask.png,3,1
00004116-mask.png,4,1
00004117-mask.png,0,0
00004117-mask.png,1,0
00004117-mask.png,2,1
00004117-mask.png,3,1
00004117-mask.png,4,1
00004120-mask.png,0,0
00004120-mask.png,1,0
00004120-mask.png,2,1
00004120-mask.png,3,1
00004120-mask.png,4,1
00004126-mask.png,0,0
00004126-mask.png,1,0
00004126-mask.png,2,1
00004126-mask.png,3,1
00004126-mask.png,4,1
00004138-mask.png,0,0
00004138-mask.png,1,0
00004138-mask.png,2,1
00004138-mask.png,3,1
00004138-mask.png,4,1
00004144-mask.png,0,0
00004144-mask.png,1,0
00004144-mask.png,2,1
00004144-mask.png,3,1
00004144-mask.png,4,1
00004145-mask.png,0,0
00004145-mask.png,1,0
00004145-mask.png,2,1
00004145-mask.png,3,1
00004145-mask.png,4,1
00004150-mask.png,0,0
00004150-mask.png,1,0
00004150-mask.png,2,1
00004150-mask.png,3,1
00004150-mask.png,4,1
00004155-mask.png,0,0
00004155-mask.png,1,0
00004155-mask.png,2,1
00004155-mask.png,3,1
00004155-mask.png,4,1
00004168-mask.png,0,0
00004168-mask.png,1,0
00004168-mask.png,2,1
00004168-mask.png,3,1
00004168-mask.png,4,1
00004176-mask.png,0,0
00004176-mask.png,1,0
00004176-mask.png,2,1
00004176-mask.png,3,1
00004176-mask.png,4,1
00004178-mask.png,0,0
00004178-mask.png,1,0
00004178-mask.png,2,1
00004178-mask.png,3,1
00004178-mask.png,4,1
00004182-mask.png,0,0
00004182-mask.png,1,0
00004182-mask.png,2,1
00004182-mask.png,3,1
00004182-mask.png,4,1
00004189-mask.png,0,0
00004189-mask.png,1,0
00004189-mask.png,2,1
00004189-mask.png,3,1
00004189-mask.png,4,1
00004200-mask.png,0,0
00004200-mask.png,1,0
00004200-mask.png,2,0
00004200-mask.png,3,1
00004200-mask.png,4,1
00004201-mask.png,0,0
00004201-mask.png,1,0
00004201-mask.png,2,0
00004201-mask.png,3,1
00004201-mask.png,4,1
00004211-mask.png,0,0
00004211-mask.png,1,0
00004211-mask.png,2,0
00004211-mask.png,3,0
00004211-mask.png,4,1
00004216-mask.png,0,0
00004216-mask.png,1,0
00004216-mask.png,2,0
00004216-mask.png,3,0
00004216-mask.png,4,1
00004217-mask.png,0,0
00004217-mask.png,1,0
00004217-mask.png,2,0
00004217-mask.png,3,0
00004217-mask.png,4,1
00004220-mask.png,0,0
00004220-mask.png,1,0
00004220-mask.png,2,0
00004220-mask.png,3,0
00004220-mask.png,4,0
00004225-mask.png,0,0
00004225-mask.png,1,0
00004225-mask.png,2,0
00004225-mask.png,3,0
00004225-mask.png,4,0
00004237-mask.png,0,0
00004237-mask.png,1,0
00004237-mask.png,2,0
00004237-mask.png,3,0
00004237-mask.png,4,0
00004243-mask.png,0,0
00004243-mask.png,1,0
00004243-mask.png,2,0
00004243-mask.png,3,0
00004243-mask.png,4,0
00004244-mask.png,0,0
00004244-mask.png,1,0
00004244-mask.png,2,0
00004244-mask.png,3,0
00004244-mask.png,4,0
00004248-mask.png,0,0
00004248-mask.png,1,0
00004248-mask.png,2,0
00004248-mask.png,3,0
00004248-mask.png,4,0
00004253-mask.png,0,0
00004253-mask.png,1,0
00004253-mask.png,2,0
00004253-mask.png,3,0
00004253-mask.png,4,0
00004264-mask.png,0,0
00004264-mask.png,1,0
00004264-mask.png,2,0
00004264-mask.png,3,0
00004264-mask.png,4,0
00004269-mask.png,0,0
00004269-mask.png,1,0
00004269-mask.png,2,0
00004269-mask.png,3,0
00004269-mask.png,4,0
00004270-mask.png,0,0
00004270-mask.png,1,0
00004270-mask.png,2,0
00004270-mask.png,3,0
00004270-mask.png,4,0
00004274-mask.png,0,0
00004274-mask.png,1,0
00004274-mask.png,2,0
00004274-mask.png,3,0
00004274-mask.png,4,0
00004280-mask.png,0,0
00004280-mask.png,1,0
00004280-mask.png,2,0
00004280-mask.png,3,0
00004280-mask.png,4,0
00004291-mask.png,0,0
00004291-mask.png,1,0
00004291-mask.png,2,0
00004291-mask.png,3,0
00004291-mask.png,4,0
00004296-mask.png,0,0
00004296-mask.png,1,0
00004296-mask.png,2,0
00004296-mask.png,3,0
00004296-mask.png,4,0
00004297-mask.png,0,0
00004297-mask.png,1,0
00004297-mask.png,2,0
00004297-mask.png,3,0
00004297-mask.png,4,0
00004301-mask.png,0,0
00004301-mask.png,1,0
00004301-mask.png,2,0
00004301-mask.png,3,0
00004301-mask.png,4,0
00004307-mask.png,0,0
00004307-mask.png,1,0
00004307-mask.png,2,0
00004307-mask.png,3,0
00004307-mask.png,4,0
00004318-mask.png,0,0
00004318-mask.png,1,0
00004318-mask.png,2,0
00004318-mask.png,3,0
00004318-mask.png,4,0
00004323-mask.png,0,0
00004323-mask.png,1,0
00004323-mask.png,2,0
00004323-mask.png,3,0
00004323-mask.png,4,0
00004324-mask.png,0,0
00004324-mask.png,1,0
00004324-mask.png,2,0
00004324-mask.png,3,0
00004324-mask.png,4,0
00004329-mask.png,0,0
00004329-mask.png,1,0
00004329-mask.png,2,0
00004329-mask.png,3,0
00004329-mask.png,4,0
00004334-mask.png,0,0
00004334-mask.png,1,0
00004334-mask.png,2,0
00004334-mask.png,3,0
00004334-mask.png,4,0
00004340-mask.png,0,0
00004340-mask.png,1,0
00004340-mask.png,2,0
00004340-mask.png,3,0
00004340-mask.png,4,0
00004345-mask.png,0,0
00004345-mask.png,1,0
00004345-mask.png,2,0
00004345-mask.png,3,0
00004345-mask.png,4,0
00004357-mask.png,0,0
00004357-mask.png,1,0
00004357-mask.png,2,0
00004357-mask.png,3,0
00004357-mask.png,4,0
00004362-mask.png,0,0
00004362-mask.png,1,0
00004362-mask.png,2,0
00004362-mask.png,3,0
00004362-mask.png,4,0
00004363-mask.png,0,0
00004363-mask.png,1,0
00004363-mask.png,2,0
00004363-mask.png,3,0
00004363-mask.png,4,0
00004368-mask.png,0,0
00004368-mask.png,1,0
00004368-mask.png,2,0
00004368-mask.png,3,0
00004368-mask.png,4,0
00004374-mask.png,0,0
00004374-mask.png,1,0
00004374-mask.png,2,0
00004374-mask.png,3,0
00004374-mask.png,4,0
00004385-mask.png,0,0
00004385-mask.png,1,0
00004385-mask.png,2,0
00004385-mask.png,3,0
00004385-mask.png,4,0
00004391-mask.png,0,0
00004391-mask.png,1,0
00004391-mask.png,2,0
00004391-mask.png,3,0
00004391-mask.png,4,0
00004392-mask.png,0,0
00004392-mask.png,1,0
00004392-mask.png,2,0
00004392-mask.png,3,0
00004392-mask.png,4,0
00004396-mask.png,0,0
00004396-mask.png,1,0
00004396-mask.png,2,0
00004396-mask.png,3,0
00004396-mask.png,4,0
00004401-mask.png,0,0
00004401-mask.png,1,0
00004401-mask.png,2,0
00004401-mask.png,3,0
00004401-mask.png,4,0
00004414-mask.png,0,0
00004414-mask.png,1,0
00004414-mask.png,2,0
00004414-mask.png,3,0
00004414-mask.png,4,0
00004419-mask.png,0,0
00004419-mask.png,1,0
00004419-mask.png,2,0
00004419-mask.png,3,0
00004419-mask.png,4,0
00004420-mask.png,0,0
00004420-mask.png,1,0
00004420-mask.png,2,0
00004420-mask.png,3,0
00004420-mask.png,4,0
00004426-mask.png,0,0
00004426-mask.png,1,0
00004426-mask.png,2,0
00004426-mask.png,3,0
00004426-mask.png,4,0
00004430-mask.png,0,0
00004430-mask.png,1,0
00004430-mask.png,2,0
00004430-mask.png,3,0
00004430-mask.png,4,0
00004441-mask.png,0,0
00004441-mask.png,1,0
00004441-mask.png,2,0
00004441-mask.png,3,0
00004441-mask.png,4,0
00004446-mask.png,0,0
00004446-mask.png,1,0
00004446-mask.png,2,0
00004446-mask.png,3,0
00004446-mask.png,4,0
00004448-mask.png,0,0
00004448-mask.png,1,0
00004448-mask.png,2,0
00004448-mask.png,3,0
00004448-mask.png,4,0
00004452-mask.png,0,0
00004452-mask.png,1,0
00004452-mask.png,2,0
00004452-mask.png,3,0
00004452-mask.png,4,0
00004458-mask.png,0,0
00004458-mask.png,1,0
00004458-mask.png,2,0
00004458-mask.png,3,0
00004458-mask.png,4,0
00004469-mask.png,0,0
00004469-mask.png,1,0
00004469-mask.png,2,0
00004469-mask.png,3,0
00004469-mask.png,4,0
00004475-mask.png,0,0
00004475-mask.png,1,0
00004475-mask.png,2,0
00004475-mask.png,3,0
00004475-mask.png,4,0
00004476-mask.png,0,0
00004476-mask.png,1,0
00004476-mask.png,2,0
00004476-mask.png,3,0
00004476-mask.png,4,0
00004481-mask.png,0,0
00004481-mask.png,1,0
00004481-mask.png,2,0
00004481-mask.png,3,0
00004481-mask.png,4,0
00004486-mask.png,0,0
00004486-mask.png,1,0
00004486-mask.png,2,0
00004486-mask.png,3,0
00004486-mask.png,4,0
00004493-mask.png,0,0
00004493-mask.png,1,0
00004493-mask.png,2,0
00004493-mask.png,3,0
00004493-mask.png,4,0
00004499-mask.png,0,0
00004499-mask.png,1,0
00004499-mask.png,2,0
00004499-mask.png,3,0
00004499-mask.png,4,0
00004511-mask.png,0,0
00004511-mask.png,1,0
00004511-mask.png,2,0
00004511-mask.png,3,0
00004511-mask.png,4,0
00004517-mask.png,0,0
00004517-mask.png,1,0
00004517-mask.png,2,0
00004517-mask.png,3,0
00004517-mask.png,4,0
00004518-mask.png,0,0
00004518-mask.png,1,0
00004518-mask.png,2,0
00004518-mask.png,3,0
00004518-mask.png,4,0
00004523-mask.png,0,0
00004523-mask.png,1,0
00004523-mask.png,2,0
00004523-mask.png,3,0
00004523-mask.png,4,0
00004529-mask.png,0,0
00004529-mask.png,1,0
00004529-mask.png,2,0
00004529-mask.png,3,0
00004529-mask.png,4,1
00004540-mask.png,0,0
00004540-mask.png,1,0
00004540-mask.png,2,0
00004540-mask.png,3,0
00004540-mask.png,4,1
00004546-mask.png,0,0
00004546-mask.png,1,0
00004546-mask.png,2,0
00004546-mask.png,3,0
00004546-mask.png,4,1
00004547-mask.png,0,0
00004547-mask.png,1,0
00004547-mask.png,2,0
00004547-mask.png,3,0
00004547-mask.png,4,1
00004552-mask.png,0,0
00004552-mask.png,1,0
00004552-mask.png,2,0
00004552-mask.png,3,1
00004552-mask.png,4,1
00004559-mask.png,0,0
00004559-mask.png,1,0
00004559-mask.png,2,0
00004559-mask.png,3,1
00004559-mask.png,4,1
00004570-mask.png,0,0
00004570-mask.png,1,0
00004570-mask.png,2,0
00004570-mask.png,3,1
00004570-mask.png,4,1
00004576-mask.png,0,0
00004576-mask.png,1,0
00004576-mask.png,2,0
00004576-mask.png,3,1
00004576-mask.png,4,1
00004577-mask.png,0,0
00004577-mask.png,1,0
00004577-mask.png,2,0
00004577-mask.png,3,1
00004577-mask.png,4,1
00004582-mask.png,0,0
00004582-mask.png,1,0
00004582-mask.png,2,0
00004582-mask.png,3,1
00004582-mask.png,4,1
00004588-mask.png,0,0
00004588-mask.png,1,0
00004588-mask.png,2,1
00004588-mask.png,3,1
00004588-mask.png,4,1
00004601-mask.png,0,0
00004601-mask.png,1,0
00004601-mask.png,2,1
00004601-mask.png,3,1
00004601-mask.png,4,1
00004608-mask.png,0,0
00004608-mask.png,1,1
00004608-mask.png,2,1
00004608-mask.png,3,1
00004608-mask.png,4,1
00004609-mask.png,0,0
00004609-mask.png,1,1
00004609-mask.png,2,1
00004609-mask.png,3,1
00004609-mask.png,4,1
00004614-mask.png,0,0
00004614-mask.png,1,1
00004614-mask.png,2,1
00004614-mask.png,3,1
00004614-mask.png,4,1
00004620-mask.png,0,1
00004620-mask.png,1,1
00004620-mask.png,2,1
00004620-mask.png,3,1
00004620-mask.png,4,1
00004631-mask.png,0,0
00004631-mask.png,1,1
00004631-mask.png,2,1
00004631-mask.png,3,1
00004631-mask.png,4,1
00004637-mask.png,0,0
00004637-mask.png,1,1
00004637-mask.png,2,1
00004637-mask.png,3,1
00004637-mask.png,4,1
00004638-mask.png,0,0
00004638-mask.png,1,1
00004638-mask.png,2,1
00004638-mask.png,3,1
00004638-mask.png,4,1
00004643-mask.png,0,0
00004643-mask.png,1,1
00004643-mask.png,2,1
00004643-mask.png,3,1
00004643-mask.png,4,1
00004648-mask.png,0,0
00004648-mask.png,1,1
00004648-mask.png,2,1
00004648-mask.png,3,1
00004648-mask.png,4,1
00004660-mask.png,0,0
00004660-mask.png,1,1
00004660-mask.png,2,1
00004660-mask.png,3,1
00004660-mask.png,4,1
00004661-mask.png,0,0
00004661-mask.png,1,1
00004661-mask.png,2,1
00004661-mask.png,3,1
00004661-mask.png,4,1
00004672-mask.png,0,0
00004672-mask.png,1,1
00004672-mask.png,2,1
00004672-mask.png,3,1
00004672-mask.png,4,1
00004678-mask.png,0,0
00004678-mask.png,1,1
00004678-mask.png,2,1
00004678-mask.png,3,1
00004678-mask.png,4,1
00004679-mask.png,0,0
00004679-mask.png,1,1
00004679-mask.png,2,1
00004679-mask.png,3,1
00004679-mask.png,4,1
00004684-mask.png,0,0
00004684-mask.png,1,1
00004684-mask.png,2,1
00004684-mask.png,3,1
00004684-mask.png,4,1
00004690-mask.png,0,0
00004690-mask.png,1,1
00004690-mask.png,2,1
00004690-mask.png,3,1
00004690-mask.png,4,1
00004702-mask.png,0,0
00004702-mask.png,1,1
00004702-mask.png,2,1
00004702-mask.png,3,1
00004702-mask.png,4,1
00004708-mask.png,0,1
00004708-mask.png,1,1
00004708-mask.png,2,1
00004708-mask.png,3,1
00004708-mask.png,4,1
00004709-mask.png,0,1
00004709-mask.png,1,1
00004709-mask.png,2,1
00004709-mask.png,3,1
00004709-mask.png,4,1
00004714-mask.png,0,1
00004714-mask.png,1,1
00004714-mask.png,2,1
00004714-mask.png,3,1
00004714-mask.png,4,1
00004720-mask.png,0,1
00004720-mask.png,1,1
00004720-mask.png,2,1
00004720-mask.png,3,1
00004720-mask.png,4,1
00004733-mask.png,0,1
00004733-mask.png,1,1
00004733-mask.png,2,1
00004733-mask.png,3,1
00004733-mask.png,4,1
00004738-mask.png,0,1
00004738-mask.png,1,1
00004738-mask.png,2,1
00004738-mask.png,3,1
00004738-mask.png,4,1
00004744-mask.png,0,1
00004744-mask.png,1,1
00004744-mask.png,2,1
00004744-mask.png,3,1
00004744-mask.png,4,1
00004750-mask.png,0,1
00004750-mask.png,1,1
00004750-mask.png,2,1
00004750-mask.png,3,1
00004750-mask.png,4,1
00004762-mask.png,0,1
00004762-mask.png,1,1
00004762-mask.png,2,1
00004762-mask.png,3,1
00004762-mask.png,4,1
00004768-mask.png,0,1
00004768-mask.png,1,1
00004768-mask.png,2,1
00004768-mask.png,3,1
00004768-mask.png,4,1
00004769-mask.png,0,1
00004769-mask.png,1,1
00004769-mask.png,2,1
00004769-mask.png,3,1
00004769-mask.png,4,1
00004774-mask.png,0,1
00004774-mask.png,1,1
00004774-mask.png,2,1
00004774-mask.png,3,1
00004774-mask.png,4,1
00004780-mask.png,0,1
00004780-mask.png,1,1
00004780-mask.png,2,1
00004780-mask.png,3,1
00004780-mask.png,4,1
00004791-mask.png,0,1
00004791-mask.png,1,1
00004791-mask.png,2,1
00004791-mask.png,3,1
00004791-mask.png,4,1
00004797-mask.png,0,1
00004797-mask.png,1,1
00004797-mask.png,2,1
00004797-mask.png,3,1
00004797-mask.png,4,1
00004798-mask.png,0,1
00004798-mask.png,1,1
00004798-mask.png,2,1
00004798-mask.png,3,1
00004798-mask.png,4,1
00004803-mask.png,0,1
00004803-mask.png,1,1
00004803-mask.png,2,1
00004803-mask.png,3,1
00004803-mask.png,4,1
00004811-mask.png,0,1
00004811-mask.png,1,1
00004811-mask.png,2,1
00004811-mask.png,3,1
00004811-mask.png,4,1
00004817-mask.png,0,1
00004817-mask.png,1,1
00004817-mask.png,2,1
00004817-mask.png,3,1
00004817-mask.png,4,1
00004824-mask.png,0,1
00004824-mask.png,1,1
00004824-mask.png,2,1
00004824-mask.png,3,1
00004824-mask.png,4,1
00004838-mask.png,0,0
00004838-mask.png,1,1
00004838-mask.png,2,1
00004838-mask.png,3,1
00004838-mask.png,4,1
00004846-mask.png,0,0
00004846-mask.png,1,1
00004846-mask.png,2,1
00004846-mask.png,3,1
00004846-mask.png,4,1
00004847-mask.png,0,0
00004847-mask.png,1,1
00004847-mask.png,2,1
00004847-mask.png,3,1
00004847-mask.png,4,1
00004853-mask.png,0,0
00004853-mask.png,1,1
00004853-mask.png,2,1
00004853-mask.png,3,1
00004853-mask.png,4,1
00004860-mask.png,0,0
00004860-mask.png,1,1
00004860-mask.png,2,1
00004860-mask.png,3,1
00004860-mask.png,4,1
00004874-mask.png,0,0
00004874-mask.png,1,1
00004874-mask.png,2,1
00004874-mask.png,3,1
00004874-mask.png,4,1
00004881-mask.png,0,0
00004881-mask.png,1,1
00004881-mask.png,2,1
00004881-mask.png,3,1
00004881-mask.png,4,1
00004882-mask.png,0,0
00004882-mask.png,1,1
00004882-mask.png,2,1
00004882-mask.png,3,1
00004882-mask.png,4,1
00004888-mask.png,0,0
00004888-mask.png,1,1
00004888-mask.png,2,1
00004888-mask.png,3,1
00004888-mask.png,4,1
00004895-mask.png,0,1
00004895-mask.png,1,1
00004895-mask.png,2,1
00004895-mask.png,3,1
00004895-mask.png,4,1
00004907-mask.png,0,1
00004907-mask.png,1,1
00004907-mask.png,2,1
00004907-mask.png,3,1
00004907-mask.png,4,1
00004913-mask.png,0,1
00004913-mask.png,1,1
00004913-mask.png,2,1
00004913-mask.png,3,1
00004913-mask.png,4,1
00004914-mask.png,0,1
00004914-mask.png,1,1
00004914-mask.png,2,1
00004914-mask.png,3,1
00004914-mask.png,4,1
00004919-mask.png,0,1
00004919-mask.png,1,1
00004919-mask.png,2,1
00004919-mask.png,3,1
00004919-mask.png,4,1
00004925-mask.png,0,1
00004925-mask.png,1,1
00004925-mask.png,2,1
00004925-mask.png,3,1
00004925-mask.png,4,1
00004936-mask.png,0,1
00004936-mask.png,1,1
00004936-mask.png,2,1
00004936-mask.png,3,1
00004936-mask.png,4,1
00004942-mask.png,0,1
00004942-mask.png,1,1
00004942-mask.png,2,1
00004942-mask.png,3,1
00004942-mask.png,4,1
00004943-mask.png,0,1
00004943-mask.png,1,1
00004943-mask.png,2,1
00004943-mask.png,3,1
00004943-mask.png,4,1
00004948-mask.png,0,1
00004948-mask.png,1,1
00004948-mask.png,2,1
00004948-mask.png,3,1
00004948-mask.png,4,1
00004955-mask.png,0,1
00004955-mask.png,1,1
00004955-mask.png,2,1
00004955-mask.png,3,1
00004955-mask.png,4,1
00004967-mask.png,0,1
00004967-mask.png,1,1
00004967-mask.png,2,1
00004967-mask.png,3,1
00004967-mask.png,4,1
00004973-mask.png,0,1
00004973-mask.png,1,1
00004973-mask.png,2,1
00004973-mask.png,3,1
00004973-mask.png,4,1
00004974-mask.png,0,1
00004974-mask.png,1,1
00004974-mask.png,2,1
00004974-mask.png,3,1
00004974-mask.png,4,1
00004980-mask.png,0,1
00004980-mask.png,1,1
00004980-mask.png,2,1
00004980-mask.png,3,1
00004980-mask.png,4,1
00004986-mask.png,0,1
00004986-mask.png,1,1
00004986-mask.png,2,1
00004986-mask.png,3,1
00004986-mask.png,4,1
00004992-mask.png,0,1
00004992-mask.png,1,1
00004992-mask.png,2,1
00004992-mask.png,3,1
00004992-mask.png,4,1
00005005-mask.png,0,1
00005005-mask.png,1,1
00005005-mask.png,2,1
00005005-mask.png,3,1
00005005-mask.png,4,1
00005011-mask.png,0,1
00005011-mask.png,1,1
00005011-mask.png,2,1
00005011-mask.png,3,1
00005011-mask.png,4,1
00005017-mask.png,0,1
00005017-mask.png,1,1
00005017-mask.png,2,1
00005017-mask.png,3,1
00005017-mask.png,4,1
00005018-mask.png,0,1
00005018-mask.png,1,1
00005018-mask.png,2,1
00005018-mask.png,3,1
00005018-mask.png,4,1
00005023-mask.png,0,1
00005023-mask.png,1,1
00005023-mask.png,2,1
00005023-mask.png,3,1
00005023-mask.png,4,1
00005030-mask.png,0,1
00005030-mask.png,1,1
00005030-mask.png,2,1
00005030-mask.png,3,1
00005030-mask.png,4,1
00005042-mask.png,0,1
00005042-mask.png,1,1
00005042-mask.png,2,1
00005042-mask.png,3,1
00005042-mask.png,4,1
00005048-mask.png,0,1
00005048-mask.png,1,1
00005048-mask.png,2,1
00005048-mask.png,3,1
00005048-mask.png,4,1
00005049-mask.png,0,1
00005049-mask.png,1,1
00005049-mask.png,2,1
00005049-mask.png,3,1
00005049-mask.png,4,1
00005054-mask.png,0,1
00005054-mask.png,1,1
00005054-mask.png,2,1
00005054-mask.png,3,1
00005054-mask.png,4,1
00005061-mask.png,0,1
00005061-mask.png,1,1
00005061-mask.png,2,1
00005061-mask.png,3,1
00005061-mask.png,4,1
00005073-mask.png,0,1
00005073-mask.png,1,1
00005073-mask.png,2,1
00005073-mask.png,3,1
00005073-mask.png,4,1
00005079-mask.png,0,1
00005079-mask.png,1,1
00005079-mask.png,2,1
00005079-mask.png,3,1
00005079-mask.png,4,1
00005080-mask.png,0,1
00005080-mask.png,1,1
00005080-mask.png,2,1
00005080-mask.png,3,1
00005080-mask.png,4,1
00005085-mask.png,0,1
00005085-mask.png,1,1
00005085-mask.png,2,1
00005085-mask.png,3,1
00005085-mask.png,4,1
00005091-mask.png,0,1
00005091-mask.png,1,1
00005091-mask.png,2,1
00005091-mask.png,3,1
00005091-mask.png,4,1
00005104-mask.png,0,1
00005104-mask.png,1,1
00005104-mask.png,2,1
00005104-mask.png,3,1
00005104-mask.png,4,1
00005110-mask.png,0,1
00005110-mask.png,1,1
00005110-mask.png,2,1
00005110-mask.png,3,1
00005110-mask.png,4,1
00005111-mask.png,0,1
00005111-mask.png,1,1
00005111-mask.png,2,1
00005111-mask.png,3,1
00005111-mask.png,4,1
00005117-mask.png,0,1
00005117-mask.png,1,1
00005117-mask.png,2,1
00005117-mask.png,3,1
00005117-mask.png,4,1
00005123-mask.png,0,1
00005123-mask.png,1,1
00005123-mask.png,2,1
00005123-mask.png,3,1
00005123-mask.png,4,1
00005135-mask.png,0,1
00005135-mask.png,1,1
00005135-mask.png,2,1
00005135-mask.png,3,1
00005135-mask.png,4,1
00005142-mask.png,0,1
00005142-mask.png,1,1
00005142-mask.png,2,1
00005142-mask.png,3,1
00005142-mask.png,4,1
00005143-mask.png,0,1
00005143-mask.png,1,1
00005143-mask.png,2,1
00005143-mask.png,3,1
00005143-mask.png,4,1
00005148-mask.png,0,1
00005148-mask.png,1,1
00005148-mask.png,2,1
00005148-mask.png,3,1
00005148-mask.png,4,1
00005154-mask.png,0,1
00005154-mask.png,1,1
00005154-mask.png,2,1
00005154-mask.png,3,1
00005154-mask.png,4,1
00005160-mask.png,0,1
00005160-mask.png,1,1
00005160-mask.png,2,1
00005160-mask.png,3,1
00005160-mask.png,4,1
00005172-mask.png,0,1
00005172-mask.png,1,1
00005172-mask.png,2,1
00005172-mask.png,3,1
00005172-mask.png,4,1
00005179-mask.png,0,1
00005179-mask.png,1,1
00005179-mask.png,2,1
00005179-mask.png,3,1
00005179-mask.png,4,1
00005185-mask.png,0,1
00005185-mask.png,1,1
00005185-mask.png,2,1
00005185-mask.png,3,1
00005185-mask.png,4,1
00005186-mask.png,0,1
00005186-mask.png,1,1
00005186-mask.png,2,1
00005186-mask.png,3,1
00005186-mask.png,4,1
00005191-mask.png,0,1
00005191-mask.png,1,1
00005191-mask.png,2,1
00005191-mask.png,3,1
00005191-mask.png,4,1
00005197-mask.png,0,1
00005197-mask.png,1,1
00005197-mask.png,2,1
00005197-mask.png,3,1
00005197-mask.png,4,1
00005210-mask.png,0,1
00005210-mask.png,1,1
00005210-mask.png,2,1
00005210-mask.png,3,1
00005210-mask.png,4,1
00005216-mask.png,0,1
00005216-mask.png,1,1
00005216-mask.png,2,1
00005216-mask.png,3,1
00005216-mask.png,4,1
00005217-mask.png,0,1
00005217-mask.png,1,1
00005217-mask.png,2,1
00005217-mask.png,3,1
00005217-mask.png,4,1
00005222-mask.png,0,1
00005222-mask.png,1,1
00005222-mask.png,2,1
00005222-mask.png,3,1
00005222-mask.png,4,1
00005229-mask.png,0,1
00005229-mask.png,1,1
00005229-mask.png,2,1
00005229-mask.png,3,1
00005229-mask.png,4,1
00005242-mask.png,0,1
00005242-mask.png,1,1
00005242-mask.png,2,1
00005242-mask.png,3,1
00005242-mask.png,4,1
00005248-mask.png,0,1
00005248-mask.png,1,1
00005248-mask.png,2,1
00005248-mask.png,3,1
00005248-mask.png,4,1
00005249-mask.png,0,1
00005249-mask.png,1,1
00005249-mask.png,2,1
00005249-mask.png,3,1
00005249-mask.png,4,1
00005254-mask.png,0,1
00005254-mask.png,1,1
00005254-mask.png,2,1
00005254-mask.png,3,1
00005254-mask.png,4,1
00005261-mask.png,0,0
00005261-mask.png,1,1
00005261-mask.png,2,1
00005261-mask.png,3,1
00005261-mask.png,4,1
00005274-mask.png,0,0
00005274-mask.png,1,1
00005274-mask.png,2,1
00005274-mask.png,3,1
00005274-mask.png,4,1
00005280-mask.png,0,0
00005280-mask.png,1,1
00005280-mask.png,2,1
00005280-mask.png,3,1
00005280-mask.png,4,1
00005281-mask.png,0,0
00005281-mask.png,1,1
00005281-mask.png,2,1
00005281-mask.png,3,1
00005281-mask.png,4,1
00005287-mask.png,0,0
00005287-mask.png,1,1
00005287-mask.png,2,1
00005287-mask.png,3,1
00005287-mask.png,4,1
00005293-mask.png,0,0
00005293-mask.png,1,0
00005293-mask.png,2,1
00005293-mask.png,3,1
00005293-mask.png,4,1
00005305-mask.png,0,0
00005305-mask.png,1,0
00005305-mask.png,2,1
00005305-mask.png,3,1
00005305-mask.png,4,1
00005312-mask.png,0,0
00005312-mask.png,1,0
00005312-mask.png,2,1
00005312-mask.png,3,1
00005312-mask.png,4,1
00005313-mask.png,0,0
00005313-mask.png,1,0
00005313-mask.png,2,1
00005313-mask.png,3,1
00005313-mask.png,4,1
00005318-mask.png,0,0
00005318-mask.png,1,0
00005318-mask.png,2,1
00005318-mask.png,3,1
00005318-mask.png,4,1
00005325-mask.png,0,0
00005325-mask.png,1,0
00005325-mask.png,2,1
00005325-mask.png,3,1
00005325-mask.png,4,1
00005331-mask.png,0,0
00005331-mask.png,1,0
00005331-mask.png,2,1
00005331-mask.png,3,1
00005331-mask.png,4,1
00005343-mask.png,0,0
00005343-mask.png,1,0
00005343-mask.png,2,1
00005343-mask.png,3,1
00005343-mask.png,4,1
00005351-mask.png,0,0
00005351-mask.png,1,0
00005351-mask.png,2,1
00005351-mask.png,3,1
00005351-mask.png,4,1
00005357-mask.png,0,0
00005357-mask.png,1,0
00005357-mask.png,2,1
00005357-mask.png,3,1
00005357-mask.png,4,1
00005359-mask.png,0,0
00005359-mask.png,1,0
00005359-mask.png,2,0
00005359-mask.png,3,1
00005359-mask.png,4,1
00005365-mask.png,0,0
00005365-mask.png,1,0
00005365-mask.png,2,0
00005365-mask.png,3,0
00005365-mask.png,4,1
00005372-mask.png,0,0
00005372-mask.png,1,0
00005372-mask.png,2,0
00005372-mask.png,3,0
00005372-mask.png,4,1
00005385-mask.png,0,0
00005385-mask.png,1,0
00005385-mask.png,2,0
00005385-mask.png,3,0
00005385-mask.png,4,1
00005391-mask.png,0,0
00005391-mask.png,1,0
00005391-mask.png,2,0
00005391-mask.png,3,0
00005391-mask.png,4,1
00005393-mask.png,0,0
00005393-mask.png,1,0
00005393-mask.png,2,0
00005393-mask.png,3,0
00005393-mask.png,4,1
00005397-mask.png,0,0
00005397-mask.png,1,0
00005397-mask.png,2,0
00005397-mask.png,3,0
00005397-mask.png,4,1
00005406-mask.png,0,0
00005406-mask.png,1,0
00005406-mask.png,2,0
00005406-mask.png,3,0
00005406-mask.png,4,1
00005419-mask.png,0,0
00005419-mask.png,1,0
00005419-mask.png,2,0
00005419-mask.png,3,0
00005419-mask.png,4,1
00005426-mask.png,0,0
00005426-mask.png,1,0
00005426-mask.png,2,0
00005426-mask.png,3,0
00005426-mask.png,4,1
00005427-mask.png,0,0
00005427-mask.png,1,0
00005427-mask.png,2,0
00005427-mask.png,3,0
00005427-mask.png,4,1
00005433-mask.png,0,0
00005433-mask.png,1,0
00005433-mask.png,2,0
00005433-mask.png,3,0
00005433-mask.png,4,1
00005440-mask.png,0,0
00005440-mask.png,1,0
00005440-mask.png,2,0
00005440-mask.png,3,0
00005440-mask.png,4,1
00005453-mask.png,0,0
00005453-mask.png,1,0
00005453-mask.png,2,0
00005453-mask.png,3,0
00005453-mask.png,4,1
00005459-mask.png,0,0
00005459-mask.png,1,0
00005459-mask.png,2,0
00005459-mask.png,3,1
00005459-mask.png,4,1
00005460-mask.png,0,0
00005460-mask.png,1,0
00005460-mask.png,2,0
00005460-mask.png,3,1
00005460-mask.png,4,1
00005466-mask.png,0,0
00005466-mask.png,1,0
00005466-mask.png,2,0
00005466-mask.png,3,1
00005466-mask.png,4,1
00005472-mask.png,0,0
00005472-mask.png,1,0
00005472-mask.png,2,0
00005472-mask.png,3,1
00005472-mask.png,4,1
00005485-mask.png,0,0
00005485-mask.png,1,0
00005485-mask.png,2,0
00005485-mask.png,3,1
00005485-mask.png,4,1
00005490-mask.png,0,0
00005490-mask.png,1,0
00005490-mask.png,2,0
00005490-mask.png,3,0
00005490-mask.png,4,1
00005491-mask.png,0,0
00005491-mask.png,1,0
00005491-mask.png,2,0
00005491-mask.png,3,0
00005491-mask.png,4,0
00005496-mask.png,0,0
00005496-mask.png,1,0
00005496-mask.png,2,0
00005496-mask.png,3,0
00005496-mask.png,4,0
00005501-mask.png,0,0
00005501-mask.png,1,0
00005501-mask.png,2,0
00005501-mask.png,3,0
00005501-mask.png,4,0
00005506-mask.png,0,0
00005506-mask.png,1,0
00005506-mask.png,2,0
00005506-mask.png,3,0
00005506-mask.png,4,0
00005517-mask.png,0,0
00005517-mask.png,1,0
00005517-mask.png,2,0
00005517-mask.png,3,0
00005517-mask.png,4,0
00005523-mask.png,0,0
00005523-mask.png,1,0
00005523-mask.png,2,0
00005523-mask.png,3,0
00005523-mask.png,4,0
00005524-mask.png,0,0
00005524-mask.png,1,0
00005524-mask.png,2,0
00005524-mask.png,3,0
00005524-mask.png,4,1
00005529-mask.png,0,0
00005529-mask.png,1,0
00005529-mask.png,2,0
00005529-mask.png,3,0
00005529-mask.png,4,1
00005534-mask.png,0,0
00005534-mask.png,1,0
00005534-mask.png,2,0
00005534-mask.png,3,1
00005534-mask.png,4,1
00005540-mask.png,0,0
00005540-mask.png,1,0
00005540-mask.png,2,1
00005540-mask.png,3,1
00005540-mask.png,4,1
00005552-mask.png,0,0
00005552-mask.png,1,0
00005552-mask.png,2,0
00005552-mask.png,3,0
00005552-mask.png,4,0
00005558-mask.png,0,0
00005558-mask.png,1,0
00005558-mask.png,2,0
00005558-mask.png,3,0
00005558-mask.png,4,0
00005559-mask.png,0,0
00005559-mask.png,1,0
00005559-mask.png,2,0
00005559-mask.png,3,0
00005559-mask.png,4,0
00005563-mask.png,0,0
00005563-mask.png,1,0
00005563-mask.png,2,0
00005563-mask.png,3,0
00005563-mask.png,4,0
00005569-mask.png,0,0
00005569-mask.png,1,0
00005569-mask.png,2,0
00005569-mask.png,3,0
00005569-mask.png,4,0
00005581-mask.png,0,0
00005581-mask.png,1,0
00005581-mask.png,2,0
00005581-mask.png,3,0
00005581-mask.png,4,0
00005587-mask.png,0,0
00005587-mask.png,1,0
00005587-mask.png,2,0
00005587-mask.png,3,0
00005587-mask.png,4,0
00005588-mask.png,0,0
00005588-mask.png,1,0
00005588-mask.png,2,0
00005588-mask.png,3,0
00005588-mask.png,4,0
00005593-mask.png,0,0
00005593-mask.png,1,0
00005593-mask.png,2,0
00005593-mask.png,3,0
00005593-mask.png,4,1
00005599-mask.png,0,0
00005599-mask.png,1,0
00005599-mask.png,2,1
00005599-mask.png,3,1
00005599-mask.png,4,1
00005611-mask.png,0,0
00005611-mask.png,1,0
00005611-mask.png,2,0
00005611-mask.png,3,0
00005611-mask.png,4,1
00005617-mask.png,0,0
00005617-mask.png,1,0
00005617-mask.png,2,0
00005617-mask.png,3,1
00005617-mask.png,4,1
00005618-mask.png,0,0
00005618-mask.png,1,0
00005618-mask.png,2,0
00005618-mask.png,3,1
00005618-mask.png,4,1
00005623-mask.png,0,0
00005623-mask.png,1,0
00005623-mask.png,2,0
00005623-mask.png,3,1
00005623-mask.png,4,1
00005629-mask.png,0,0
00005629-mask.png,1,0
00005629-mask.png,2,0
00005629-mask.png,3,0
00005629-mask.png,4,1
00005641-mask.png,0,0
00005641-mask.png,1,0
00005641-mask.png,2,0
00005641-mask.png,3,1
00005641-mask.png,4,1
00005647-mask.png,0,0
00005647-mask.png,1,0
00005647-mask.png,2,1
00005647-mask.png,3,1
00005647-mask.png,4,1
00005648-mask.png,0,0
00005648-mask.png,1,0
00005648-mask.png,2,1
00005648-mask.png,3,1
00005648-mask.png,4,1
00005653-mask.png,0,0
00005653-mask.png,1,0
00005653-mask.png,2,0
00005653-mask.png,3,0
00005653-mask.png,4,0
00005659-mask.png,0,0
00005659-mask.png,1,0
00005659-mask.png,2,0
00005659-mask.png,3,0
00005659-mask.png,4,0
00005669-mask.png,0,0
00005669-mask.png,1,0
00005669-mask.png,2,0
00005669-mask.png,3,0
00005669-mask.png,4,0
00005675-mask.png,0,0
00005675-mask.png,1,0
00005675-mask.png,2,0
00005675-mask.png,3,0
00005675-mask.png,4,0
00005680-mask.png,0,0
00005680-mask.png,1,0
00005680-mask.png,2,0
00005680-mask.png,3,0
00005680-mask.png,4,0
00005681-mask.png,0,0
00005681-mask.png,1,0
00005681-mask.png,2,0
00005681-mask.png,3,0
00005681-mask.png,4,0
00005685-mask.png,0,0
00005685-mask.png,1,0
00005685-mask.png,2,0
00005685-mask.png,3,0
00005685-mask.png,4,0
00005690-mask.png,0,0
00005690-mask.png,1,0
00005690-mask.png,2,0
00005690-mask.png,3,0
00005690-mask.png,4,0
00005695-mask.png,0,0
00005695-mask.png,1,0
00005695-mask.png,2,0
00005695-mask.png,3,0
00005695-mask.png,4,0
00005706-mask.png,0,0
00005706-mask.png,1,0
00005706-mask.png,2,0
00005706-mask.png,3,0
00005706-mask.png,4,0
00005711-mask.png,0,0
00005711-mask.png,1,0
00005711-mask.png,2,0
00005711-mask.png,3,0
00005711-mask.png,4,0
00005712-mask.png,0,0
00005712-mask.png,1,0
00005712-mask.png,2,0
00005712-mask.png,3,0
00005712-mask.png,4,0
00005716-mask.png,0,0
00005716-mask.png,1,0
00005716-mask.png,2,0
00005716-mask.png,3,0
00005716-mask.png,4,0
00005721-mask.png,0,0
00005721-mask.png,1,0
00005721-mask.png,2,0
00005721-mask.png,3,0
00005721-mask.png,4,0
00005732-mask.png,0,0
00005732-mask.png,1,0
00005732-mask.png,2,0
00005732-mask.png,3,0
00005732-mask.png,4,0
00005737-mask.png,0,0
00005737-mask.png,1,0
00005737-mask.png,2,0
00005737-mask.png,3,0
00005737-mask.png,4,0
00005738-mask.png,0,0
00005738-mask.png,1,0
00005738-mask.png,2,0
00005738-mask.png,3,0
00005738-mask.png,4,0
00005743-mask.png,0,0
00005743-mask.png,1,0
00005743-mask.png,2,0
00005743-mask.png,3,0
00005743-mask.png,4,0
00005748-mask.png,0,0
00005748-mask.png,1,0
00005748-mask.png,2,0
00005748-mask.png,3,0
00005748-mask.png,4,0
00005758-mask.png,0,0
00005758-mask.png,1,0
00005758-mask.png,2,0
00005758-mask.png,3,0
00005758-mask.png,4,0
00005764-mask.png,0,0
00005764-mask.png,1,0
00005764-mask.png,2,0
00005764-mask.png,3,0
00005764-mask.png,4,0
00005765-mask.png,0,0
00005765-mask.png,1,0
00005765-mask.png,2,0
00005765-mask.png,3,0
00005765-mask.png,4,0
00005769-mask.png,0,0
00005769-mask.png,1,0
00005769-mask.png,2,0
00005769-mask.png,3,0
00005769-mask.png,4,0
00005775-mask.png,0,0
00005775-mask.png,1,0
00005775-mask.png,2,0
00005775-mask.png,3,0
00005775-mask.png,4,0
00005785-mask.png,0,0
00005785-mask.png,1,0
00005785-mask.png,2,0
00005785-mask.png,3,0
00005785-mask.png,4,0
00005791-mask.png,0,0
00005791-mask.png,1,0
00005791-mask.png,2,0
00005791-mask.png,3,0
00005791-mask.png,4,0
00005792-mask.png,0,0
00005792-mask.png,1,0
00005792-mask.png,2,0
00005792-mask.png,3,0
00005792-mask.png,4,0
00005796-mask.png,0,0
00005796-mask.png,1,0
00005796-mask.png,2,0
00005796-mask.png,3,0
00005796-mask.png,4,0
00005801-mask.png,0,0
00005801-mask.png,1,0
00005801-mask.png,2,0
00005801-mask.png,3,0
00005801-mask.png,4,0
00005813-mask.png,0,0
00005813-mask.png,1,0
00005813-mask.png,2,0
00005813-mask.png,3,0
00005813-mask.png,4,0
00005818-mask.png,0,0
00005818-mask.png,1,0
00005818-mask.png,2,0
00005818-mask.png,3,0
00005818-mask.png,4,0
00005823-mask.png,0,0
00005823-mask.png,1,0
00005823-mask.png,2,0
00005823-mask.png,3,0
00005823-mask.png,4,0
00005824-mask.png,0,0
00005824-mask.png,1,0
00005824-mask.png,2,0
00005824-mask.png,3,0
00005824-mask.png,4,1
00005829-mask.png,0,0
00005829-mask.png,1,0
00005829-mask.png,2,0
00005829-mask.png,3,0
00005829-mask.png,4,1
00005834-mask.png,0,0
00005834-mask.png,1,0
00005834-mask.png,2,0
00005834-mask.png,3,0
00005834-mask.png,4,1
00005839-mask.png,0,0
00005839-mask.png,1,0
00005839-mask.png,2,0
00005839-mask.png,3,0
00005839-mask.png,4,1
00005850-mask.png,0,0
00005850-mask.png,1,0
00005850-mask.png,2,0
00005850-mask.png,3,0
00005850-mask.png,4,1
00005855-mask.png,0,0
00005855-mask.png,1,0
00005855-mask.png,2,0
00005855-mask.png,3,0
00005855-mask.png,4,1
00005856-mask.png,0,0
00005856-mask.png,1,0
00005856-mask.png,2,0
00005856-mask.png,3,0
00005856-mask.png,4,1
00005861-mask.png,0,0
00005861-mask.png,1,0
00005861-mask.png,2,0
00005861-mask.png,3,0
00005861-mask.png,4,1
00005866-mask.png,0,0
00005866-mask.png,1,0
00005866-mask.png,2,0
00005866-mask.png,3,0
00005866-mask.png,4,1
00005876-mask.png,0,0
00005876-mask.png,1,0
00005876-mask.png,2,0
00005876-mask.png,3,0
00005876-mask.png,4,1
00005881-mask.png,0,0
00005881-mask.png,1,0
00005881-mask.png,2,0
00005881-mask.png,3,1
00005881-mask.png,4,1
00005882-mask.png,0,0
00005882-mask.png,1,0
00005882-mask.png,2,0
00005882-mask.png,3,1
00005882-mask.png,4,1
00005887-mask.png,0,0
00005887-mask.png,1,0
00005887-mask.png,2,0
00005887-mask.png,3,1
00005887-mask.png,4,1
00005891-mask.png,0,0
00005891-mask.png,1,0
00005891-mask.png,2,0
00005891-mask.png,3,1
00005891-mask.png,4,1
00005901-mask.png,0,0
00005901-mask.png,1,0
00005901-mask.png,2,0
00005901-mask.png,3,1
00005901-mask.png,4,1
00005906-mask.png,0,0
00005906-mask.png,1,0
00005906-mask.png,2,0
00005906-mask.png,3,1
00005906-mask.png,4,1
00005907-mask.png,0,0
00005907-mask.png,1,0
00005907-mask.png,2,0
00005907-mask.png,3,1
00005907-mask.png,4,1
00005911-mask.png,0,0
00005911-mask.png,1,0
00005911-mask.png,2,0
00005911-mask.png,3,1
00005911-mask.png,4,1
00005916-mask.png,0,0
00005916-mask.png,1,0
00005916-mask.png,2,0
00005916-mask.png,3,1
00005916-mask.png,4,1
00005924-mask.png,0,0
00005924-mask.png,1,0
00005924-mask.png,2,0
00005924-mask.png,3,1
00005924-mask.png,4,1
00005928-mask.png,0,0
00005928-mask.png,1,0
00005928-mask.png,2,0
00005928-mask.png,3,1
00005928-mask.png,4,1
00005929-mask.png,0,0
00005929-mask.png,1,0
00005929-mask.png,2,1
00005929-mask.png,3,1
00005929-mask.png,4,1
00005933-mask.png,0,0
00005933-mask.png,1,0
00005933-mask.png,2,1
00005933-mask.png,3,1
00005933-mask.png,4,1
00005937-mask.png,0,0
00005937-mask.png,1,0
00005937-mask.png,2,1
00005937-mask.png,3,1
00005937-mask.png,4,1
00005946-mask.png,0,0
00005946-mask.png,1,0
00005946-mask.png,2,1
00005946-mask.png,3,1
00005946-mask.png,4,1
00005951-mask.png,0,0
00005951-mask.png,1,1
00005951-mask.png,2,1
00005951-mask.png,3,1
00005951-mask.png,4,1
00005955-mask.png,0,1
00005955-mask.png,1,1
00005955-mask.png,2,1
00005955-mask.png,3,1
00005955-mask.png,4,1
00005956-mask.png,0,1
00005956-mask.png,1,1
00005956-mask.png,2,1
00005956-mask.png,3,1
00005956-mask.png,4,1
00005959-mask.png,0,1
00005959-mask.png,1,1
00005959-mask.png,2,1
00005959-mask.png,3,1
00005959-mask.png,4,1
00005964-mask.png,0,1
00005964-mask.png,1,1
00005964-mask.png,2,1
00005964-mask.png,3,1
00005964-mask.png,4,1
00005968-mask.png,0,1
00005968-mask.png,1,1
00005968-mask.png,2,1
00005968-mask.png,3,1
00005968-mask.png,4,1
00005977-mask.png,0,1
00005977-mask.png,1,1
00005977-mask.png,2,1
00005977-mask.png,3,1
00005977-mask.png,4,1
00005982-mask.png,0,1
00005982-mask.png,1,1
00005982-mask.png,2,1
00005982-mask.png,3,1
00005982-mask.png,4,1
00005983-mask.png,0,1
00005983-mask.png,1,1
00005983-mask.png,2,1
00005983-mask.png,3,1
00005983-mask.png,4,1
00005986-mask.png,0,1
00005986-mask.png,1,1
00005986-mask.png,2,1
00005986-mask.png,3,1
00005986-mask.png,4,1
00005991-mask.png,0,1
00005991-mask.png,1,1
00005991-mask.png,2,1
00005991-mask.png,3,1
00005991-mask.png,4,1
00005999-mask.png,0,1
00005999-mask.png,1,1
00005999-mask.png,2,1
00005999-mask.png,3,1
00005999-mask.png,4,1
00006004-mask.png,0,1
00006004-mask.png,1,1
00006004-mask.png,2,1
00006004-mask.png,3,1
00006004-mask.png,4,1
00006005-mask.png,0,1
00006005-mask.png,1,1
00006005-mask.png,2,1
00006005-mask.png,3,1
00006005-mask.png,4,1
00006008-mask.png,0,1
00006008-mask.png,1,1
00006008-mask.png,2,1
00006008-mask.png,3,1
00006008-mask.png,4,1
00006013-mask.png,0,1
00006013-mask.png,1,1
00006013-mask.png,2,1
00006013-mask.png,3,1
00006013-mask.png,4,1
00006022-mask.png,0,1
00006022-mask.png,1,1
00006022-mask.png,2,1
00006022-mask.png,3,1
00006022-mask.png,4,1
00006026-mask.png,0,1
00006026-mask.png,1,1
00006026-mask.png,2,1
00006026-mask.png,3,1
00006026-mask.png,4,1
00006027-mask.png,0,1
00006027-mask.png,1,1
00006027-mask.png,2,1
00006027-mask.png,3,1
00006027-mask.png,4,1
00006031-mask.png,0,1
00006031-mask.png,1,1
00006031-mask.png,2,1
00006031-mask.png,3,1
00006031-mask.png,4,1
00006035-mask.png,0,1
00006035-mask.png,1,1
00006035-mask.png,2,1
00006035-mask.png,3,1
00006035-mask.png,4,1
00006043-mask.png,0,1
00006043-mask.png,1,1
00006043-mask.png,2,1
00006043-mask.png,3,1
00006043-mask.png,4,1
00006048-mask.png,0,1
00006048-mask.png,1,1
00006048-mask.png,2,1
00006048-mask.png,3,1
00006048-mask.png,4,1
00006049-mask.png,0,1
00006049-mask.png,1,1
00006049-mask.png,2,1
00006049-mask.png,3,1
00006049-mask.png,4,1
00006053-mask.png,0,1
00006053-mask.png,1,1
00006053-mask.png,2,1
00006053-mask.png,3,1
00006053-mask.png,4,1
00006057-mask.png,0,1
00006057-mask.png,1,1
00006057-mask.png,2,1
00006057-mask.png,3,1
00006057-mask.png,4,1
00006066-mask.png,0,1
00006066-mask.png,1,1
00006066-mask.png,2,1
00006066-mask.png,3,1
00006066-mask.png,4,1
00006070-mask.png,0,1
00006070-mask.png,1,1
00006070-mask.png,2,1
00006070-mask.png,3,1
00006070-mask.png,4,1
00006071-mask.png,0,1
00006071-mask.png,1,1
00006071-mask.png,2,1
00006071-mask.png,3,1
00006071-mask.png,4,1
00006075-mask.png,0,1
00006075-mask.png,1,1
00006075-mask.png,2,1
00006075-mask.png,3,1
00006075-mask.png,4,1
00006079-mask.png,0,1
00006079-mask.png,1,1
00006079-mask.png,2,1
00006079-mask.png,3,1
00006079-mask.png,4,1
00006084-mask.png,0,1
00006084-mask.png,1,1
00006084-mask.png,2,1
00006084-mask.png,3,1
00006084-mask.png,4,1
00006088-mask.png,0,1
00006088-mask.png,1,1
00006088-mask.png,2,1
00006088-mask.png,3,1
00006088-mask.png,4,1
00006097-mask.png,0,1
00006097-mask.png,1,1
00006097-mask.png,2,1
00006097-mask.png,3,1
00006097-mask.png,4,1
00006102-mask.png,0,1
00006102-mask.png,1,1
00006102-mask.png,2,1
00006102-mask.png,3,1
00006102-mask.png,4,1
00006103-mask.png,0,1
00006103-mask.png,1,1
00006103-mask.png,2,1
00006103-mask.png,3,1
00006103-mask.png,4,1
00006106-mask.png,0,1
00006106-mask.png,1,1
00006106-mask.png,2,1
00006106-mask.png,3,1
00006106-mask.png,4,1
00006110-mask.png,0,1
00006110-mask.png,1,1
00006110-mask.png,2,1
00006110-mask.png,3,1
00006110-mask.png,4,1
00006119-mask.png,0,1
00006119-mask.png,1,1
00006119-mask.png,2,1
00006119-mask.png,3,1
00006119-mask.png,4,1
00006124-mask.png,0,1
00006124-mask.png,1,1
00006124-mask.png,2,1
00006124-mask.png,3,1
00006124-mask.png,4,1
00006125-mask.png,0,1
00006125-mask.png,1,1
00006125-mask.png,2,1
00006125-mask.png,3,1
00006125-mask.png,4,1
00006129-mask.png,0,1
00006129-mask.png,1,1
00006129-mask.png,2,1
00006129-mask.png,3,1
00006129-mask.png,4,1
00006134-mask.png,0,1
00006134-mask.png,1,1
00006134-mask.png,2,1
00006134-mask.png,3,1
00006134-mask.png,4,1
00006143-mask.png,0,1
00006143-mask.png,1,1
00006143-mask.png,2,1
00006143-mask.png,3,1
00006143-mask.png,4,1
00006148-mask.png,0,1
00006148-mask.png,1,1
00006148-mask.png,2,1
00006148-mask.png,3,1
00006148-mask.png,4,1
00006149-mask.png,0,1
00006149-mask.png,1,1
00006149-mask.png,2,1
00006149-mask.png,3,1
00006149-mask.png,4,1
00006153-mask.png,0,1
00006153-mask.png,1,1
00006153-mask.png,2,1
00006153-mask.png,3,1
00006153-mask.png,4,1
00006158-mask.png,0,1
00006158-mask.png,1,1
00006158-mask.png,2,1
00006158-mask.png,3,1
00006158-mask.png,4,1
00006168-mask.png,0,1
00006168-mask.png,1,1
00006168-mask.png,2,1
00006168-mask.png,3,1
00006168-mask.png,4,1
00006173-mask.png,0,1
00006173-mask.png,1,1
00006173-mask.png,2,1
00006173-mask.png,3,1
00006173-mask.png,4,1
00006174-mask.png,0,1
00006174-mask.png,1,1
00006174-mask.png,2,1
00006174-mask.png,3,1
00006174-mask.png,4,1
00006178-mask.png,0,1
00006178-mask.png,1,1
00006178-mask.png,2,1
00006178-mask.png,3,1
00006178-mask.png,4,1
00006183-mask.png,0,1
00006183-mask.png,1,1
00006183-mask.png,2,1
00006183-mask.png,3,1
00006183-mask.png,4,1
00006192-mask.png,0,1
00006192-mask.png,1,1
00006192-mask.png,2,1
00006192-mask.png,3,1
00006192-mask.png,4,1
00006197-mask.png,0,1
00006197-mask.png,1,1
00006197-mask.png,2,1
00006197-mask.png,3,1
00006197-mask.png,4,1
00006198-mask.png,0,1
00006198-mask.png,1,1
00006198-mask.png,2,1
00006198-mask.png,3,1
00006198-mask.png,4,1
00006202-mask.png,0,1
00006202-mask.png,1,1
00006202-mask.png,2,1
00006202-mask.png,3,1
00006202-mask.png,4,1
00006207-mask.png,0,1
00006207-mask.png,1,1
00006207-mask.png,2,1
00006207-mask.png,3,1
00006207-mask.png,4,1
00006211-mask.png,0,1
00006211-mask.png,1,1
00006211-mask.png,2,1
00006211-mask.png,3,1
00006211-mask.png,4,1
00006221-mask.png,0,1
00006221-mask.png,1,1
00006221-mask.png,2,1
00006221-mask.png,3,1
00006221-mask.png,4,1
00006226-mask.png,0,1
00006226-mask.png,1,1
00006226-mask.png,2,1
00006226-mask.png,3,1
00006226-mask.png,4,1
00006230-mask.png,0,1
00006230-mask.png,1,1
00006230-mask.png,2,1
00006230-mask.png,3,1
00006230-mask.png,4,1
00006231-mask.png,0,1
00006231-mask.png,1,1
00006231-mask.png,2,1
00006231-mask.png,3,1
00006231-mask.png,4,1
00006235-mask.png,0,1
00006235-mask.png,1,1
00006235-mask.png,2,1
00006235-mask.png,3,1
00006235-mask.png,4,1
00006241-mask.png,0,1
00006241-mask.png,1,1
00006241-mask.png,2,1
00006241-mask.png,3,1
00006241-mask.png,4,1
00006250-mask.png,0,1
00006250-mask.png,1,1
00006250-mask.png,2,1
00006250-mask.png,3,1
00006250-mask.png,4,1
00006255-mask.png,0,1
00006255-mask.png,1,1
00006255-mask.png,2,1
00006255-mask.png,3,1
00006255-mask.png,4,1
00006256-mask.png,0,1
00006256-mask.png,1,1
00006256-mask.png,2,1
00006256-mask.png,3,1
00006256-mask.png,4,1
00006260-mask.png,0,1
00006260-mask.png,1,1
00006260-mask.png,2,1
00006260-mask.png,3,1
00006260-mask.png,4,1
00006264-mask.png,0,1
00006264-mask.png,1,1
00006264-mask.png,2,1
00006264-mask.png,3,1
00006264-mask.png,4,1
00006274-mask.png,0,1
00006274-mask.png,1,1
00006274-mask.png,2,1
00006274-mask.png,3,1
00006274-mask.png,4,1
00006280-mask.png,0,0
00006280-mask.png,1,1
00006280-mask.png,2,1
00006280-mask.png,3,1
00006280-mask.png,4,1
00006281-mask.png,0,0
00006281-mask.png,1,1
00006281-mask.png,2,1
00006281-mask.png,3,1
00006281-mask.png,4,1
00006284-mask.png,0,0
00006284-mask.png,1,1
00006284-mask.png,2,1
00006284-mask.png,3,1
00006284-mask.png,4,1
00006289-mask.png,0,0
00006289-mask.png,1,0
00006289-mask.png,2,1
00006289-mask.png,3,1
00006289-mask.png,4,1
00006299-mask.png,0,0
00006299-mask.png,1,0
00006299-mask.png,2,1
00006299-mask.png,3,1
00006299-mask.png,4,1
00006304-mask.png,0,0
00006304-mask.png,1,0
00006304-mask.png,2,0
00006304-mask.png,3,1
00006304-mask.png,4,1
00006305-mask.png,0,0
00006305-mask.png,1,0
00006305-mask.png,2,0
00006305-mask.png,3,1
00006305-mask.png,4,1
00006309-mask.png,0,0
00006309-mask.png,1,0
00006309-mask.png,2,0
00006309-mask.png,3,1
00006309-mask.png,4,1
00006314-mask.png,0,0
00006314-mask.png,1,0
00006314-mask.png,2,0
00006314-mask.png,3,1
00006314-mask.png,4,1
00006325-mask.png,0,0
00006325-mask.png,1,0
00006325-mask.png,2,0
00006325-mask.png,3,1
00006325-mask.png,4,1
00006330-mask.png,0,0
00006330-mask.png,1,0
00006330-mask.png,2,0
00006330-mask.png,3,1
00006330-mask.png,4,1
00006331-mask.png,0,0
00006331-mask.png,1,0
00006331-mask.png,2,0
00006331-mask.png,3,1
00006331-mask.png,4,1
00006336-mask.png,0,0
00006336-mask.png,1,0
00006336-mask.png,2,0
00006336-mask.png,3,1
00006336-mask.png,4,1
00006342-mask.png,0,0
00006342-mask.png,1,0
00006342-mask.png,2,0
00006342-mask.png,3,1
00006342-mask.png,4,1
00006348-mask.png,0,0
00006348-mask.png,1,0
00006348-mask.png,2,0
00006348-mask.png,3,1
00006348-mask.png,4,1
00006360-mask.png,0,0
00006360-mask.png,1,0
00006360-mask.png,2,0
00006360-mask.png,3,1
00006360-mask.png,4,1
00006366-mask.png,0,0
00006366-mask.png,1,0
00006366-mask.png,2,0
00006366-mask.png,3,0
00006366-mask.png,4,0
00006371-mask.png,0,0
00006371-mask.png,1,0
00006371-mask.png,2,0
00006371-mask.png,3,0
00006371-mask.png,4,0
00006372-mask.png,0,0
00006372-mask.png,1,0
00006372-mask.png,2,0
00006372-mask.png,3,0
00006372-mask.png,4,0
00006377-mask.png,0,0
00006377-mask.png,1,0
00006377-mask.png,2,0
00006377-mask.png,3,0
00006377-mask.png,4,0
00006383-mask.png,0,0
00006383-mask.png,1,0
00006383-mask.png,2,0
00006383-mask.png,3,0
00006383-mask.png,4,0
00006395-mask.png,0,0
00006395-mask.png,1,0
00006395-mask.png,2,0
00006395-mask.png,3,0
00006395-mask.png,4,0
00006401-mask.png,0,0
00006401-mask.png,1,0
00006401-mask.png,2,0
00006401-mask.png,3,0
00006401-mask.png,4,0
00006402-mask.png,0,0
00006402-mask.png,1,0
00006402-mask.png,2,0
00006402-mask.png,3,0
00006402-mask.png,4,0
00006407-mask.png,0,0
00006407-mask.png,1,0
00006407-mask.png,2,0
00006407-mask.png,3,0
00006407-mask.png,4,0
00006413-mask.png,0,0
00006413-mask.png,1,0
00006413-mask.png,2,0
00006413-mask.png,3,0
00006413-mask.png,4,0
00006425-mask.png,0,0
00006425-mask.png,1,0
00006425-mask.png,2,0
00006425-mask.png,3,0
00006425-mask.png,4,0
00006432-mask.png,0,0
00006432-mask.png,1,0
00006432-mask.png,2,0
00006432-mask.png,3,0
00006432-mask.png,4,0
00006433-mask.png,0,0
00006433-mask.png,1,0
00006433-mask.png,2,0
00006433-mask.png,3,0
00006433-mask.png,4,0
00006438-mask.png,0,0
00006438-mask.png,1,0
00006438-mask.png,2,0
00006438-mask.png,3,0
00006438-mask.png,4,0
00006445-mask.png,0,0
00006445-mask.png,1,0
00006445-mask.png,2,0
00006445-mask.png,3,0
00006445-mask.png,4,0
00006457-mask.png,0,0
00006457-mask.png,1,0
00006457-mask.png,2,0
00006457-mask.png,3,0
00006457-mask.png,4,0
00006463-mask.png,0,0
00006463-mask.png,1,0
00006463-mask.png,2,0
00006463-mask.png,3,0
00006463-mask.png,4,0
00006464-mask.png,0,0
00006464-mask.png,1,0
00006464-mask.png,2,0
00006464-mask.png,3,0
00006464-mask.png,4,0
00006469-mask.png,0,0
00006469-mask.png,1,0
00006469-mask.png,2,0
00006469-mask.png,3,0
00006469-mask.png,4,0
00006475-mask.png,0,0
00006475-mask.png,1,0
00006475-mask.png,2,0
00006475-mask.png,3,0
00006475-mask.png,4,0
00006487-mask.png,0,0
00006487-mask.png,1,0
00006487-mask.png,2,0
00006487-mask.png,3,0
00006487-mask.png,4,0
00006492-mask.png,0,0
00006492-mask.png,1,0
00006492-mask.png,2,0
00006492-mask.png,3,0
00006492-mask.png,4,0
00006493-mask.png,0,0
00006493-mask.png,1,0
00006493-mask.png,2,0
00006493-mask.png,3,0
00006493-mask.png,4,0
00006498-mask.png,0,0
00006498-mask.png,1,0
00006498-mask.png,2,0
00006498-mask.png,3,0
00006498-mask.png,4,0
00006503-mask.png,0,0
00006503-mask.png,1,0
00006503-mask.png,2,0
00006503-mask.png,3,0
00006503-mask.png,4,0
00006509-mask.png,0,0
00006509-mask.png,1,0
00006509-mask.png,2,0
00006509-mask.png,3,0
00006509-mask.png,4,1
00006520-mask.png,0,0
00006520-mask.png,1,0
00006520-mask.png,2,0
00006520-mask.png,3,0
00006520-mask.png,4,1
00006526-mask.png,0,0
00006526-mask.png,1,0
00006526-mask.png,2,0
00006526-mask.png,3,1
00006526-mask.png,4,1
00006531-mask.png,0,0
00006531-mask.png,1,0
00006531-mask.png,2,0
00006531-mask.png,3,1
00006531-mask.png,4,1
00006532-mask.png,0,0
00006532-mask.png,1,0
00006532-mask.png,2,1
00006532-mask.png,3,1
00006532-mask.png,4,1
00006536-mask.png,0,0
00006536-mask.png,1,0
00006536-mask.png,2,1
00006536-mask.png,3,1
00006536-mask.png,4,1
00006542-mask.png,0,0
00006542-mask.png,1,0
00006542-mask.png,2,0
00006542-mask.png,3,1
00006542-mask.png,4,1
00006553-mask.png,0,0
00006553-mask.png,1,0
00006553-mask.png,2,0
00006553-mask.png,3,0
00006553-mask.png,4,0
00006558-mask.png,0,0
00006558-mask.png,1,0
00006558-mask.png,2,0
00006558-mask.png,3,0
00006558-mask.png,4,0
00006559-mask.png,0,0
00006559-mask.png,1,0
00006559-mask.png,2,0
00006559-mask.png,3,0
00006559-mask.png,4,1
00006564-mask.png,0,0
00006564-mask.png,1,0
00006564-mask.png,2,0
00006564-mask.png,3,1
00006564-mask.png,4,1
00006569-mask.png,0,0
00006569-mask.png,1,0
00006569-mask.png,2,1
00006569-mask.png,3,1
00006569-mask.png,4,1
00006581-mask.png,0,0
00006581-mask.png,1,0
00006581-mask.png,2,0
00006581-mask.png,3,1
00006581-mask.png,4,1
00006587-mask.png,0,0
00006587-mask.png,1,0
00006587-mask.png,2,0
00006587-mask.png,3,0
00006587-mask.png,4,0
00006588-mask.png,0,0
00006588-mask.png,1,0
00006588-mask.png,2,0
00006588-mask.png,3,0
00006588-mask.png,4,0
00006592-mask.png,0,0
00006592-mask.png,1,0
00006592-mask.png,2,0
00006592-mask.png,3,0
00006592-mask.png,4,0
00006598-mask.png,0,0
00006598-mask.png,1,0
00006598-mask.png,2,0
00006598-mask.png,3,0
00006598-mask.png,4,0
00006609-mask.png,0,0
00006609-mask.png,1,0
00006609-mask.png,2,0
00006609-mask.png,3,0
00006609-mask.png,4,0
00006615-mask.png,0,0
00006615-mask.png,1,0
00006615-mask.png,2,0
00006615-mask.png,3,0
00006615-mask.png,4,0
00006616-mask.png,0,0
00006616-mask.png,1,0
00006616-mask.png,2,0
00006616-mask.png,3,0
00006616-mask.png,4,0
00006621-mask.png,0,0
00006621-mask.png,1,0
00006621-mask.png,2,0
00006621-mask.png,3,0
00006621-mask.png,4,0
00006626-mask.png,0,0
00006626-mask.png,1,0
00006626-mask.png,2,0
00006626-mask.png,3,0
00006626-mask.png,4,0
00006636-mask.png,0,0
00006636-mask.png,1,0
00006636-mask.png,2,0
00006636-mask.png,3,0
00006636-mask.png,4,0
00006642-mask.png,0,0
00006642-mask.png,1,0
00006642-mask.png,2,0
00006642-mask.png,3,0
00006642-mask.png,4,0
00006643-mask.png,0,0
00006643-mask.png,1,0
00006643-mask.png,2,0
00006643-mask.png,3,0
00006643-mask.png,4,0
00006647-mask.png,0,0
00006647-mask.png,1,0
00006647-mask.png,2,0
00006647-mask.png,3,0
00006647-mask.png,4,1
00006653-mask.png,0,0
00006653-mask.png,1,0
00006653-mask.png,2,0
00006653-mask.png,3,1
00006653-mask.png,4,1
00006663-mask.png,0,0
00006663-mask.png,1,0
00006663-mask.png,2,0
00006663-mask.png,3,1
00006663-mask.png,4,1
00006669-mask.png,0,0
00006669-mask.png,1,0
00006669-mask.png,2,0
00006669-mask.png,3,1
00006669-mask.png,4,1
00006676-mask.png,0,0
00006676-mask.png,1,0
00006676-mask.png,2,0
00006676-mask.png,3,1
00006676-mask.png,4,1
00006677-mask.png,0,0
00006677-mask.png,1,0
00006677-mask.png,2,0
00006677-mask.png,3,1
00006677-mask.png,4,1
00006682-mask.png,0,0
00006682-mask.png,1,0
00006682-mask.png,2,0
00006682-mask.png,3,1
00006682-mask.png,4,1
00006689-mask.png,0,0
00006689-mask.png,1,0
00006689-mask.png,2,1
00006689-mask.png,3,1
00006689-mask.png,4,1
00006695-mask.png,0,0
00006695-mask.png,1,0
00006695-mask.png,2,1
00006695-mask.png,3,1
00006695-mask.png,4,1
00006708-mask.png,0,0
00006708-mask.png,1,1
00006708-mask.png,2,1
00006708-mask.png,3,1
00006708-mask.png,4,1
00006715-mask.png,0,0
00006715-mask.png,1,1
00006715-mask.png,2,1
00006715-mask.png,3,1
00006715-mask.png,4,1
00006716-mask.png,0,0
00006716-mask.png,1,1
00006716-mask.png,2,1
00006716-mask.png,3,1
00006716-mask.png,4,1
00006721-mask.png,0,1
00006721-mask.png,1,1
00006721-mask.png,2,1
00006721-mask.png,3,1
00006721-mask.png,4,1
00006729-mask.png,0,1
00006729-mask.png,1,1
00006729-mask.png,2,1
00006729-mask.png,3,1
00006729-mask.png,4,1
00006741-mask.png,0,1
00006741-mask.png,1,1
00006741-mask.png,2,1
00006741-mask.png,3,1
00006741-mask.png,4,1
00006748-mask.png,0,1
00006748-mask.png,1,1
00006748-mask.png,2,1
00006748-mask.png,3,1
00006748-mask.png,4,1
00006749-mask.png,0,1
00006749-mask.png,1,1
00006749-mask.png,2,1
00006749-mask.png,3,1
00006749-mask.png,4,1
00006754-mask.png,0,1
00006754-mask.png,1,1
00006754-mask.png,2,1
00006754-mask.png,3,1
00006754-mask.png,4,1
00006761-mask.png,0,1
00006761-mask.png,1,1
00006761-mask.png,2,1
00006761-mask.png,3,1
00006761-mask.png,4,1
00006774-mask.png,0,1
00006774-mask.png,1,1
00006774-mask.png,2,1
00006774-mask.png,3,1
00006774-mask.png,4,1
00006780-mask.png,0,1
00006780-mask.png,1,1
00006780-mask.png,2,1
00006780-mask.png,3,1
00006780-mask.png,4,1
00006781-mask.png,0,1
00006781-mask.png,1,1
00006781-mask.png,2,1
00006781-mask.png,3,1
00006781-mask.png,4,1
00006786-mask.png,0,1
00006786-mask.png,1,1
00006786-mask.png,2,1
00006786-mask.png,3,1
00006786-mask.png,4,1
00006793-mask.png,0,1
00006793-mask.png,1,1
00006793-mask.png,2,1
00006793-mask.png,3,1
00006793-mask.png,4,1
00006806-mask.png,0,1
00006806-mask.png,1,1
00006806-mask.png,2,1
00006806-mask.png,3,1
00006806-mask.png,4,1
00006813-mask.png,0,1
00006813-mask.png,1,1
00006813-mask.png,2,1
00006813-mask.png,3,1
00006813-mask.png,4,1
00006814-mask.png,0,1
00006814-mask.png,1,1
00006814-mask.png,2,1
00006814-mask.png,3,1
00006814-mask.png,4,1
00006820-mask.png,0,1
00006820-mask.png,1,1
00006820-mask.png,2,1
00006820-mask.png,3,1
00006820-mask.png,4,1
00006826-mask.png,0,1
00006826-mask.png,1,1
00006826-mask.png,2,1
00006826-mask.png,3,1
00006826-mask.png,4,1
00006839-mask.png,0,1
00006839-mask.png,1,1
00006839-mask.png,2,1
00006839-mask.png,3,1
00006839-mask.png,4,1
00006845-mask.png,0,1
00006845-mask.png,1,1
00006845-mask.png,2,1
00006845-mask.png,3,1
00006845-mask.png,4,1
00006852-mask.png,0,0
00006852-mask.png,1,1
00006852-mask.png,2,1
00006852-mask.png,3,1
00006852-mask.png,4,1
00006853-mask.png,0,0
00006853-mask.png,1,1
00006853-mask.png,2,1
00006853-mask.png,3,1
00006853-mask.png,4,1
00006859-mask.png,0,0
00006859-mask.png,1,0
00006859-mask.png,2,1
00006859-mask.png,3,1
00006859-mask.png,4,1
00006865-mask.png,0,0
00006865-mask.png,1,0
00006865-mask.png,2,1
00006865-mask.png,3,1
00006865-mask.png,4,1
00006872-mask.png,0,0
00006872-mask.png,1,0
00006872-mask.png,2,1
00006872-mask.png,3,1
00006872-mask.png,4,1
00006885-mask.png,0,0
00006885-mask.png,1,0
00006885-mask.png,2,1
00006885-mask.png,3,1
00006885-mask.png,4,1
00006891-mask.png,0,0
00006891-mask.png,1,0
00006891-mask.png,2,1
00006891-mask.png,3,1
00006891-mask.png,4,1
00006892-mask.png,0,0
00006892-mask.png,1,0
00006892-mask.png,2,1
00006892-mask.png,3,1
00006892-mask.png,4,1
00006896-mask.png,0,0
00006896-mask.png,1,0
00006896-mask.png,2,1
00006896-mask.png,3,1
00006896-mask.png,4,1
00006901-mask.png,0,0
00006901-mask.png,1,0
00006901-mask.png,2,1
00006901-mask.png,3,1
00006901-mask.png,4,1
00006910-mask.png,0,0
00006910-mask.png,1,0
00006910-mask.png,2,1
00006910-mask.png,3,1
00006910-mask.png,4,1
00006915-mask.png,0,0
00006915-mask.png,1,0
00006915-mask.png,2,0
00006915-mask.png,3,1
00006915-mask.png,4,1
00006916-mask.png,0,0
00006916-mask.png,1,0
00006916-mask.png,2,0
00006916-mask.png,3,1
00006916-mask.png,4,1
00006920-mask.png,0,0
00006920-mask.png,1,0
00006920-mask.png,2,0
00006920-mask.png,3,1
00006920-mask.png,4,1
00006926-mask.png,0,0
00006926-mask.png,1,0
00006926-mask.png,2,0
00006926-mask.png,3,0
00006926-mask.png,4,1
00006936-mask.png,0,0
00006936-mask.png,1,0
00006936-mask.png,2,0
00006936-mask.png,3,0
00006936-mask.png,4,1
00006940-mask.png,0,0
00006940-mask.png,1,0
00006940-mask.png,2,0
00006940-mask.png,3,0
00006940-mask.png,4,1
00006941-mask.png,0,0
00006941-mask.png,1,0
00006941-mask.png,2,0
00006941-mask.png,3,0
00006941-mask.png,4,1
00006945-mask.png,0,0
00006945-mask.png,1,0
00006945-mask.png,2,0
00006945-mask.png,3,0
00006945-mask.png,4,1
00006950-mask.png,0,0
00006950-mask.png,1,0
00006950-mask.png,2,0
00006950-mask.png,3,0
00006950-mask.png,4,1
00006959-mask.png,0,0
00006959-mask.png,1,0
00006959-mask.png,2,0
00006959-mask.png,3,1
00006959-mask.png,4,1
00006964-mask.png,0,0
00006964-mask.png,1,0
00006964-mask.png,2,0
00006964-mask.png,3,1
00006964-mask.png,4,1
00006965-mask.png,0,0
00006965-mask.png,1,0
00006965-mask.png,2,0
00006965-mask.png,3,1
00006965-mask.png,4,1
00006968-mask.png,0,0
00006968-mask.png,1,0
00006968-mask.png,2,0
00006968-mask.png,3,1
00006968-mask.png,4,1
00006973-mask.png,0,0
00006973-mask.png,1,0
00006973-mask.png,2,1
00006973-mask.png,3,1
00006973-mask.png,4,1
00006983-mask.png,0,0
00006983-mask.png,1,1
00006983-mask.png,2,1
00006983-mask.png,3,1
00006983-mask.png,4,1
00006988-mask.png,0,1
00006988-mask.png,1,1
00006988-mask.png,2,1
00006988-mask.png,3,1
00006988-mask.png,4,1
00006993-mask.png,0,1
00006993-mask.png,1,1
00006993-mask.png,2,1
00006993-mask.png,3,1
00006993-mask.png,4,1
00006994-mask.png,0,1
00006994-mask.png,1,1
00006994-mask.png,2,1
00006994-mask.png,3,1
00006994-mask.png,4,1
00006998-mask.png,0,1
00006998-mask.png,1,1
00006998-mask.png,2,1
00006998-mask.png,3,1
00006998-mask.png,4,1
00007003-mask.png,0,1
00007003-mask.png,1,1
00007003-mask.png,2,1
00007003-mask.png,3,1
00007003-mask.png,4,1
00007008-mask.png,0,1
00007008-mask.png,1,1
00007008-mask.png,2,1
00007008-mask.png,3,1
00007008-mask.png,4,1
00007017-mask.png,0,1
00007017-mask.png,1,1
00007017-mask.png,2,1
00007017-mask.png,3,1
00007017-mask.png,4,1
00007021-mask.png,0,1
00007021-mask.png,1,1
00007021-mask.png,2,1
00007021-mask.png,3,1
00007021-mask.png,4,1
00007022-mask.png,0,1
00007022-mask.png,1,1
00007022-mask.png,2,1
00007022-mask.png,3,1
00007022-mask.png,4,1
00007026-mask.png,0,1
00007026-mask.png,1,1
00007026-mask.png,2,1
00007026-mask.png,3,1
00007026-mask.png,4,1
00007031-mask.png,0,1
00007031-mask.png,1,1
00007031-mask.png,2,1
00007031-mask.png,3,1
00007031-mask.png,4,1
00007041-mask.png,0,1
00007041-mask.png,1,1
00007041-mask.png,2,1
00007041-mask.png,3,1
00007041-mask.png,4,1
00007046-mask.png,0,1
00007046-mask.png,1,1
00007046-mask.png,2,1
00007046-mask.png,3,1
00007046-mask.png,4,1
00007047-mask.png,0,1
00007047-mask.png,1,1
00007047-mask.png,2,1
00007047-mask.png,3,1
00007047-mask.png,4,1
00007050-mask.png,0,1
00007050-mask.png,1,1
00007050-mask.png,2,1
00007050-mask.png,3,1
00007050-mask.png,4,1
00007055-mask.png,0,1
00007055-mask.png,1,1
00007055-mask.png,2,1
00007055-mask.png,3,1
00007055-mask.png,4,1
00007065-mask.png,0,1
00007065-mask.png,1,1
00007065-mask.png,2,1
00007065-mask.png,3,1
00007065-mask.png,4,1
00007070-mask.png,0,1
00007070-mask.png,1,1
00007070-mask.png,2,1
00007070-mask.png,3,1
00007070-mask.png,4,1
00007071-mask.png,0,1
00007071-mask.png,1,1
00007071-mask.png,2,1
00007071-mask.png,3,1
00007071-mask.png,4,1
00007075-mask.png,0,1
00007075-mask.png,1,1
00007075-mask.png,2,1
00007075-mask.png,3,1
00007075-mask.png,4,1
00007079-mask.png,0,1
00007079-mask.png,1,1
00007079-mask.png,2,1
00007079-mask.png,3,1
00007079-mask.png,4,1
00007089-mask.png,0,1
00007089-mask.png,1,1
00007089-mask.png,2,1
00007089-mask.png,3,1
00007089-mask.png,4,1
00007094-mask.png,0,1
00007094-mask.png,1,1
00007094-mask.png,2,1
00007094-mask.png,3,1
00007094-mask.png,4,1
00007095-mask.png,0,1
00007095-mask.png,1,1
00007095-mask.png,2,1
00007095-mask.png,3,1
00007095-mask.png,4,1
00007099-mask.png,0,1
00007099-mask.png,1,1
00007099-mask.png,2,1
00007099-mask.png,3,1
00007099-mask.png,4,1
00007104-mask.png,0,1
00007104-mask.png,1,1
00007104-mask.png,2,1
00007104-mask.png,3,1
00007104-mask.png,4,1
00007115-mask.png,0,1
00007115-mask.png,1,1
00007115-mask.png,2,1
00007115-mask.png,3,1
00007115-mask.png,4,1
00007120-mask.png,0,1
00007120-mask.png,1,1
00007120-mask.png,2,1
00007120-mask.png,3,1
00007120-mask.png,4,1
00007126-mask.png,0,1
00007126-mask.png,1,1
00007126-mask.png,2,1
00007126-mask.png,3,1
00007126-mask.png,4,1
00007127-mask.png,0,1
00007127-mask.png,1,1
00007127-mask.png,2,1
00007127-mask.png,3,1
00007127-mask.png,4,1
00007132-mask.png,0,1
00007132-mask.png,1,1
00007132-mask.png,2,1
00007132-mask.png,3,1
00007132-mask.png,4,1
00007136-mask.png,0,1
00007136-mask.png,1,1
00007136-mask.png,2,1
00007136-mask.png,3,1
00007136-mask.png,4,1
00007141-mask.png,0,1
00007141-mask.png,1,1
00007141-mask.png,2,1
00007141-mask.png,3,1
00007141-mask.png,4,1
00007150-mask.png,0,1
00007150-mask.png,1,1
00007150-mask.png,2,1
00007150-mask.png,3,1
00007150-mask.png,4,1
00007156-mask.png,0,1
00007156-mask.png,1,1
00007156-mask.png,2,1
00007156-mask.png,3,1
00007156-mask.png,4,1
00007157-mask.png,0,1
00007157-mask.png,1,1
00007157-mask.png,2,1
00007157-mask.png,3,1
00007157-mask.png,4,1
00007161-mask.png,0,1
00007161-mask.png,1,1
00007161-mask.png,2,1
00007161-mask.png,3,1
00007161-mask.png,4,1
00007167-mask.png,0,1
00007167-mask.png,1,1
00007167-mask.png,2,1
00007167-mask.png,3,1
00007167-mask.png,4,1
00007177-mask.png,0,1
00007177-mask.png,1,1
00007177-mask.png,2,1
00007177-mask.png,3,1
00007177-mask.png,4,1
00007182-mask.png,0,1
00007182-mask.png,1,1
00007182-mask.png,2,1
00007182-mask.png,3,1
00007182-mask.png,4,1
00007183-mask.png,0,1
00007183-mask.png,1,1
00007183-mask.png,2,1
00007183-mask.png,3,1
00007183-mask.png,4,1
00007187-mask.png,0,1
00007187-mask.png,1,1
00007187-mask.png,2,1
00007187-mask.png,3,1
00007187-mask.png,4,1
00007192-mask.png,0,1
00007192-mask.png,1,1
00007192-mask.png,2,1
00007192-mask.png,3,1
00007192-mask.png,4,1
00007203-mask.png,0,1
00007203-mask.png,1,1
00007203-mask.png,2,1
00007203-mask.png,3,1
00007203-mask.png,4,1
00007209-mask.png,0,1
00007209-mask.png,1,1
00007209-mask.png,2,1
00007209-mask.png,3,1
00007209-mask.png,4,1
00007210-mask.png,0,1
00007210-mask.png,1,1
00007210-mask.png,2,1
00007210-mask.png,3,1
00007210-mask.png,4,1
00007214-mask.png,0,1
00007214-mask.png,1,1
00007214-mask.png,2,1
00007214-mask.png,3,1
00007214-mask.png,4,1
00007219-mask.png,0,1
00007219-mask.png,1,1
00007219-mask.png,2,1
00007219-mask.png,3,1
00007219-mask.png,4,1
00007229-mask.png,0,1
00007229-mask.png,1,1
00007229-mask.png,2,1
00007229-mask.png,3,1
00007229-mask.png,4,1
00007234-mask.png,0,1
00007234-mask.png,1,1
00007234-mask.png,2,1
00007234-mask.png,3,1
00007234-mask.png,4,1
00007235-mask.png,0,1
00007235-mask.png,1,1
00007235-mask.png,2,1
00007235-mask.png,3,1
00007235-mask.png,4,1
00007239-mask.png,0,1
00007239-mask.png,1,1
00007239-mask.png,2,1
00007239-mask.png,3,1
00007239-mask.png,4,1
00007244-mask.png,0,1
00007244-mask.png,1,1
00007244-mask.png,2,1
00007244-mask.png,3,1
00007244-mask.png,4,1
00007255-mask.png,0,1
00007255-mask.png,1,1
00007255-mask.png,2,1
00007255-mask.png,3,1
00007255-mask.png,4,1
00007260-mask.png,0,1
00007260-mask.png,1,1
00007260-mask.png,2,1
00007260-mask.png,3,1
00007260-mask.png,4,1
00007261-mask.png,0,1
00007261-mask.png,1,1
00007261-mask.png,2,1
00007261-mask.png,3,1
00007261-mask.png,4,1
00007265-mask.png,0,1
00007265-mask.png,1,1
00007265-mask.png,2,1
00007265-mask.png,3,1
00007265-mask.png,4,1
00007270-mask.png,0,1
00007270-mask.png,1,1
00007270-mask.png,2,1
00007270-mask.png,3,1
00007270-mask.png,4,1
00007275-mask.png,0,1
00007275-mask.png,1,1
00007275-mask.png,2,1
00007275-mask.png,3,1
00007275-mask.png,4,1
00007286-mask.png,0,1
00007286-mask.png,1,1
00007286-mask.png,2,1
00007286-mask.png,3,1
00007286-mask.png,4,1
00007291-mask.png,0,1
00007291-mask.png,1,1
00007291-mask.png,2,1
00007291-mask.png,3,1
00007291-mask.png,4,1
00007296-mask.png,0,1
00007296-mask.png,1,1
00007296-mask.png,2,1
00007296-mask.png,3,1
00007296-mask.png,4,1
00007297-mask.png,0,1
00007297-mask.png,1,1
00007297-mask.png,2,1
00007297-mask.png,3,1
00007297-mask.png,4,1
00007302-mask.png,0,1
00007302-mask.png,1,1
00007302-mask.png,2,1
00007302-mask.png,3,1
00007302-mask.png,4,1
00007307-mask.png,0,1
00007307-mask.png,1,1
00007307-mask.png,2,1
00007307-mask.png,3,1
00007307-mask.png,4,1
00007317-mask.png,0,1
00007317-mask.png,1,1
00007317-mask.png,2,1
00007317-mask.png,3,1
00007317-mask.png,4,1
00007322-mask.png,0,1
00007322-mask.png,1,1
00007322-mask.png,2,1
00007322-mask.png,3,1
00007322-mask.png,4,1
00007323-mask.png,0,1
00007323-mask.png,1,1
00007323-mask.png,2,1
00007323-mask.png,3,1
00007323-mask.png,4,1
00007328-mask.png,0,1
00007328-mask.png,1,1
00007328-mask.png,2,1
00007328-mask.png,3,1
00007328-mask.png,4,1
00007333-mask.png,0,1
00007333-mask.png,1,1
00007333-mask.png,2,1
00007333-mask.png,3,1
00007333-mask.png,4,1
00007343-mask.png,0,1
00007343-mask.png,1,1
00007343-mask.png,2,1
00007343-mask.png,3,1
00007343-mask.png,4,1
00007348-mask.png,0,0
00007348-mask.png,1,1
00007348-mask.png,2,1
00007348-mask.png,3,1
00007348-mask.png,4,1
00007349-mask.png,0,0
00007349-mask.png,1,1
00007349-mask.png,2,1
00007349-mask.png,3,1
00007349-mask.png,4,1
00007353-mask.png,0,0
00007353-mask.png,1,1
00007353-mask.png,2,1
00007353-mask.png,3,1
00007353-mask.png,4,1
00007359-mask.png,0,0
00007359-mask.png,1,0
00007359-mask.png,2,1
00007359-mask.png,3,1
00007359-mask.png,4,1
00007369-mask.png,0,0
00007369-mask.png,1,0
00007369-mask.png,2,1
00007369-mask.png,3,1
00007369-mask.png,4,1
00007375-mask.png,0,0
00007375-mask.png,1,0
00007375-mask.png,2,0
00007375-mask.png,3,1
00007375-mask.png,4,1
00007376-mask.png,0,0
00007376-mask.png,1,0
00007376-mask.png,2,0
00007376-mask.png,3,1
00007376-mask.png,4,1
00007380-mask.png,0,0
00007380-mask.png,1,0
00007380-mask.png,2,0
00007380-mask.png,3,1
00007380-mask.png,4,1
00007386-mask.png,0,0
00007386-mask.png,1,0
00007386-mask.png,2,0
00007386-mask.png,3,1
00007386-mask.png,4,1
00007396-mask.png,0,0
00007396-mask.png,1,0
00007396-mask.png,2,0
00007396-mask.png,3,1
00007396-mask.png,4,1
00007402-mask.png,0,0
00007402-mask.png,1,0
00007402-mask.png,2,0
00007402-mask.png,3,1
00007402-mask.png,4,1
00007403-mask.png,0,0
00007403-mask.png,1,0
00007403-mask.png,2,0
00007403-mask.png,3,1
00007403-mask.png,4,1
00007407-mask.png,0,0
00007407-mask.png,1,0
00007407-mask.png,2,0
00007407-mask.png,3,1
00007407-mask.png,4,1
00007413-mask.png,0,0
00007413-mask.png,1,0
00007413-mask.png,2,0
00007413-mask.png,3,1
00007413-mask.png,4,1
00007418-mask.png,0,0
00007418-mask.png,1,0
00007418-mask.png,2,0
00007418-mask.png,3,0
00007418-mask.png,4,0
00007430-mask.png,0,0
00007430-mask.png,1,0
00007430-mask.png,2,0
00007430-mask.png,3,0
00007430-mask.png,4,0
00007437-mask.png,0,0
00007437-mask.png,1,0
00007437-mask.png,2,0
00007437-mask.png,3,0
00007437-mask.png,4,0
00007443-mask.png,0,0
00007443-mask.png,1,0
00007443-mask.png,2,0
00007443-mask.png,3,0
00007443-mask.png,4,0
00007444-mask.png,0,0
00007444-mask.png,1,0
00007444-mask.png,2,0
00007444-mask.png,3,0
00007444-mask.png,4,0
00007450-mask.png,0,0
00007450-mask.png,1,0
00007450-mask.png,2,0
00007450-mask.png,3,0
00007450-mask.png,4,0
00007456-mask.png,0,0
00007456-mask.png,1,0
00007456-mask.png,2,0
00007456-mask.png,3,0
00007456-mask.png,4,1
00007468-mask.png,0,0
00007468-mask.png,1,0
00007468-mask.png,2,0
00007468-mask.png,3,0
00007468-mask.png,4,1
00007475-mask.png,0,0
00007475-mask.png,1,0
00007475-mask.png,2,0
00007475-mask.png,3,0
00007475-mask.png,4,0
00007476-mask.png,0,0
00007476-mask.png,1,0
00007476-mask.png,2,0
00007476-mask.png,3,0
00007476-mask.png,4,0
00007482-mask.png,0,0
00007482-mask.png,1,0
00007482-mask.png,2,0
00007482-mask.png,3,0
00007482-mask.png,4,0
00007487-mask.png,0,0
00007487-mask.png,1,0
00007487-mask.png,2,0
00007487-mask.png,3,0
00007487-mask.png,4,0
00007501-mask.png,0,0
00007501-mask.png,1,0
00007501-mask.png,2,0
00007501-mask.png,3,0
00007501-mask.png,4,0
00007508-mask.png,0,0
00007508-mask.png,1,0
00007508-mask.png,2,0
00007508-mask.png,3,0
00007508-mask.png,4,0
00007509-mask.png,0,0
00007509-mask.png,1,0
00007509-mask.png,2,0
00007509-mask.png,3,0
00007509-mask.png,4,0
00007514-mask.png,0,0
00007514-mask.png,1,0
00007514-mask.png,2,0
00007514-mask.png,3,0
00007514-mask.png,4,0
00007521-mask.png,0,0
00007521-mask.png,1,0
00007521-mask.png,2,0
00007521-mask.png,3,0
00007521-mask.png,4,0
00007535-mask.png,0,0
00007535-mask.png,1,0
00007535-mask.png,2,0
00007535-mask.png,3,0
00007535-mask.png,4,1
00007541-mask.png,0,0
00007541-mask.png,1,0
00007541-mask.png,2,0
00007541-mask.png,3,0
00007541-mask.png,4,1
00007542-mask.png,0,0
00007542-mask.png,1,0
00007542-mask.png,2,0
00007542-mask.png,3,0
00007542-mask.png,4,1
00007547-mask.png,0,0
00007547-mask.png,1,0
00007547-mask.png,2,0
00007547-mask.png,3,1
00007547-mask.png,4,1
00007553-mask.png,0,0
00007553-mask.png,1,0
00007553-mask.png,2,0
00007553-mask.png,3,0
00007553-mask.png,4,0
00007567-mask.png,0,0
00007567-mask.png,1,0
00007567-mask.png,2,0
00007567-mask.png,3,0
00007567-mask.png,4,1
00007574-mask.png,0,0
00007574-mask.png,1,0
00007574-mask.png,2,0
00007574-mask.png,3,0
00007574-mask.png,4,1
00007575-mask.png,0,0
00007575-mask.png,1,0
00007575-mask.png,2,0
00007575-mask.png,3,0
00007575-mask.png,4,1
00007582-mask.png,0,0
00007582-mask.png,1,0
00007582-mask.png,2,0
00007582-mask.png,3,0
00007582-mask.png,4,1
00007588-mask.png,0,0
00007588-mask.png,1,0
00007588-mask.png,2,0
00007588-mask.png,3,0
00007588-mask.png,4,0
00007596-mask.png,0,0
00007596-mask.png,1,0
00007596-mask.png,2,0
00007596-mask.png,3,0
00007596-mask.png,4,0
00007610-mask.png,0,0
00007610-mask.png,1,0
00007610-mask.png,2,0
00007610-mask.png,3,0
00007610-mask.png,4,0
00007616-mask.png,0,0
00007616-mask.png,1,0
00007616-mask.png,2,0
00007616-mask.png,3,0
00007616-mask.png,4,1
00007623-mask.png,0,0
00007623-mask.png,1,0
00007623-mask.png,2,0
00007623-mask.png,3,0
00007623-mask.png,4,1
00007630-mask.png,0,0
00007630-mask.png,1,0
00007630-mask.png,2,0
00007630-mask.png,3,1
00007630-mask.png,4,1
00007637-mask.png,0,0
00007637-mask.png,1,0
00007637-mask.png,2,0
00007637-mask.png,3,1
00007637-mask.png,4,1
00007651-mask.png,0,0
00007651-mask.png,1,0
00007651-mask.png,2,0
00007651-mask.png,3,1
00007651-mask.png,4,1
00007659-mask.png,0,0
00007659-mask.png,1,0
00007659-mask.png,2,1
00007659-mask.png,3,1
00007659-mask.png,4,1
00007660-mask.png,0,0
00007660-mask.png,1,1
00007660-mask.png,2,1
00007660-mask.png,3,1
00007660-mask.png,4,1
00007666-mask.png,0,1
00007666-mask.png,1,1
00007666-mask.png,2,1
00007666-mask.png,3,1
00007666-mask.png,4,1
00007672-mask.png,0,1
00007672-mask.png,1,1
00007672-mask.png,2,1
00007672-mask.png,3,1
00007672-mask.png,4,1
00007687-mask.png,0,1
00007687-mask.png,1,1
00007687-mask.png,2,1
00007687-mask.png,3,1
00007687-mask.png,4,1
00007695-mask.png,0,1
00007695-mask.png,1,1
00007695-mask.png,2,1
00007695-mask.png,3,1
00007695-mask.png,4,1
00007701-mask.png,0,1
00007701-mask.png,1,1
00007701-mask.png,2,1
00007701-mask.png,3,1
00007701-mask.png,4,1
00007709-mask.png,0,1
00007709-mask.png,1,1
00007709-mask.png,2,1
00007709-mask.png,3,1
00007709-mask.png,4,1
00007724-mask.png,0,0
00007724-mask.png,1,0
00007724-mask.png,2,1
00007724-mask.png,3,1
00007724-mask.png,4,1
00007732-mask.png,0,0
00007732-mask.png,1,0
00007732-mask.png,2,0
00007732-mask.png,3,1
00007732-mask.png,4,1
00007733-mask.png,0,0
00007733-mask.png,1,0
00007733-mask.png,2,0
00007733-mask.png,3,1
00007733-mask.png,4,1
00007739-mask.png,0,0
00007739-mask.png,1,0
00007739-mask.png,2,0
00007739-mask.png,3,1
00007739-mask.png,4,1
00007747-mask.png,0,0
00007747-mask.png,1,0
00007747-mask.png,2,0
00007747-mask.png,3,1
00007747-mask.png,4,1
00007761-mask.png,0,0
00007761-mask.png,1,0
00007761-mask.png,2,0
00007761-mask.png,3,1
00007761-mask.png,4,1
00007770-mask.png,0,0
00007770-mask.png,1,0
00007770-mask.png,2,0
00007770-mask.png,3,1
00007770-mask.png,4,1
00007778-mask.png,0,0
00007778-mask.png,1,0
00007778-mask.png,2,0
00007778-mask.png,3,1
00007778-mask.png,4,1
00007786-mask.png,0,0
00007786-mask.png,1,0
00007786-mask.png,2,0
00007786-mask.png,3,1
00007786-mask.png,4,1
00007794-mask.png,0,0
00007794-mask.png,1,0
00007794-mask.png,2,0
00007794-mask.png,3,1
00007794-mask.png,4,1
00007810-mask.png,0,0
00007810-mask.png,1,0
00007810-mask.png,2,0
00007810-mask.png,3,1
00007810-mask.png,4,1
00007818-mask.png,0,0
00007818-mask.png,1,0
00007818-mask.png,2,0
00007818-mask.png,3,0
00007818-mask.png,4,1
00007826-mask.png,0,0
00007826-mask.png,1,0
00007826-mask.png,2,0
00007826-mask.png,3,0
00007826-mask.png,4,1
00007827-mask.png,0,0
00007827-mask.png,1,0
00007827-mask.png,2,0
00007827-mask.png,3,0
00007827-mask.png,4,0
00007834-mask.png,0,0
00007834-mask.png,1,0
00007834-mask.png,2,0
00007834-mask.png,3,0
00007834-mask.png,4,0
00007842-mask.png,0,0
00007842-mask.png,1,0
00007842-mask.png,2,0
00007842-mask.png,3,0
00007842-mask.png,4,1
00007857-mask.png,0,0
00007857-mask.png,1,0
00007857-mask.png,2,0
00007857-mask.png,3,1
00007857-mask.png,4,1
00007865-mask.png,0,0
00007865-mask.png,1,0
00007865-mask.png,2,1
00007865-mask.png,3,1
00007865-mask.png,4,1
00007866-mask.png,0,0
00007866-mask.png,1,0
00007866-mask.png,2,1
00007866-mask.png,3,1
00007866-mask.png,4,1
00007874-mask.png,0,0
00007874-mask.png,1,0
00007874-mask.png,2,1
00007874-mask.png,3,1
00007874-mask.png,4,1
00007882-mask.png,0,0
00007882-mask.png,1,0
00007882-mask.png,2,0
00007882-mask.png,3,0
00007882-mask.png,4,0
00007897-mask.png,0,0
00007897-mask.png,1,0
00007897-mask.png,2,0
00007897-mask.png,3,0
00007897-mask.png,4,0
00007904-mask.png,0,0
00007904-mask.png,1,0
00007904-mask.png,2,0
00007904-mask.png,3,0
00007904-mask.png,4,0
00007905-mask.png,0,0
00007905-mask.png,1,0
00007905-mask.png,2,0
00007905-mask.png,3,0
00007905-mask.png,4,0
00007912-mask.png,0,0
00007912-mask.png,1,0
00007912-mask.png,2,0
00007912-mask.png,3,0
00007912-mask.png,4,0
00007919-mask.png,0,0
00007919-mask.png,1,0
00007919-mask.png,2,0
00007919-mask.png,3,0
00007919-mask.png,4,0
00007934-mask.png,0,0
00007934-mask.png,1,0
00007934-mask.png,2,0
00007934-mask.png,3,0
00007934-mask.png,4,0
00007941-mask.png,0,0
00007941-mask.png,1,0
00007941-mask.png,2,0
00007941-mask.png,3,0
00007941-mask.png,4,1
00007942-mask.png,0,0
00007942-mask.png,1,0
00007942-mask.png,2,0
00007942-mask.png,3,0
00007942-mask.png,4,1
00007948-mask.png,0,0
00007948-mask.png,1,0
00007948-mask.png,2,0
00007948-mask.png,3,1
00007948-mask.png,4,1
00007955-mask.png,0,0
00007955-mask.png,1,0
00007955-mask.png,2,1
00007955-mask.png,3,1
00007955-mask.png,4,1
00007967-mask.png,0,0
00007967-mask.png,1,0
00007967-mask.png,2,0
00007967-mask.png,3,0
00007967-mask.png,4,1
00007974-mask.png,0,0
00007974-mask.png,1,0
00007974-mask.png,2,0
00007974-mask.png,3,0
00007974-mask.png,4,1
00007975-mask.png,0,0
00007975-mask.png,1,0
00007975-mask.png,2,0
00007975-mask.png,3,0
00007975-mask.png,4,1
00007980-mask.png,0,0
00007980-mask.png,1,0
00007980-mask.png,2,0
00007980-mask.png,3,1
00007980-mask.png,4,1
00007986-mask.png,0,0
00007986-mask.png,1,0
00007986-mask.png,2,0
00007986-mask.png,3,0
00007986-mask.png,4,1
00007998-mask.png,0,0
00007998-mask.png,1,0
00007998-mask.png,2,0
00007998-mask.png,3,1
00007998-mask.png,4,1
00008003-mask.png,0,0
00008003-mask.png,1,0
00008003-mask.png,2,0
00008003-mask.png,3,1
00008003-mask.png,4,1
00008009-mask.png,0,0
00008009-mask.png,1,0
00008009-mask.png,2,0
00008009-mask.png,3,0
00008009-mask.png,4,0
00008010-mask.png,0,0
00008010-mask.png,1,0
00008010-mask.png,2,0
00008010-mask.png,3,0
00008010-mask.png,4,0
00008015-mask.png,0,0
00008015-mask.png,1,0
00008015-mask.png,2,0
00008015-mask.png,3,0
00008015-mask.png,4,0
00008021-mask.png,0,0
00008021-mask.png,1,0
00008021-mask.png,2,0
00008021-mask.png,3,0
00008021-mask.png,4,0
00008026-mask.png,0,0
00008026-mask.png,1,0
00008026-mask.png,2,0
00008026-mask.png,3,0
00008026-mask.png,4,0
00008038-mask.png,0,0
00008038-mask.png,1,0
00008038-mask.png,2,0
00008038-mask.png,3,0
00008038-mask.png,4,0
00008043-mask.png,0,0
00008043-mask.png,1,0
00008043-mask.png,2,0
00008043-mask.png,3,0
00008043-mask.png,4,0
00008044-mask.png,0,0
00008044-mask.png,1,0
00008044-mask.png,2,0
00008044-mask.png,3,0
00008044-mask.png,4,0
00008048-mask.png,0,0
00008048-mask.png,1,0
00008048-mask.png,2,0
00008048-mask.png,3,0
00008048-mask.png,4,0
00008052-mask.png,0,0
00008052-mask.png,1,0
00008052-mask.png,2,0
00008052-mask.png,3,0
00008052-mask.png,4,0
00008062-mask.png,0,0
00008062-mask.png,1,0
00008062-mask.png,2,0
00008062-mask.png,3,0
00008062-mask.png,4,0
00008067-mask.png,0,0
00008067-mask.png,1,0
00008067-mask.png,2,0
00008067-mask.png,3,0
00008067-mask.png,4,0
00008068-mask.png,0,0
00008068-mask.png,1,0
00008068-mask.png,2,0
00008068-mask.png,3,0
00008068-mask.png,4,0
00008072-mask.png,0,0
00008072-mask.png,1,0
00008072-mask.png,2,0
00008072-mask.png,3,0
00008072-mask.png,4,0
00008077-mask.png,0,0
00008077-mask.png,1,0
00008077-mask.png,2,0
00008077-mask.png,3,0
00008077-mask.png,4,0
00008087-mask.png,0,0
00008087-mask.png,1,0
00008087-mask.png,2,0
00008087-mask.png,3,0
00008087-mask.png,4,0
00008092-mask.png,0,0
00008092-mask.png,1,0
00008092-mask.png,2,0
00008092-mask.png,3,0
00008092-mask.png,4,0
00008093-mask.png,0,0
00008093-mask.png,1,0
00008093-mask.png,2,0
00008093-mask.png,3,0
00008093-mask.png,4,0
00008097-mask.png,0,0
00008097-mask.png,1,0
00008097-mask.png,2,0
00008097-mask.png,3,0
00008097-mask.png,4,0
00008102-mask.png,0,0
00008102-mask.png,1,0
00008102-mask.png,2,0
00008102-mask.png,3,0
00008102-mask.png,4,0
00008113-mask.png,0,0
00008113-mask.png,1,0
00008113-mask.png,2,0
00008113-mask.png,3,0
00008113-mask.png,4,1
00008119-mask.png,0,0
00008119-mask.png,1,0
00008119-mask.png,2,0
00008119-mask.png,3,1
00008119-mask.png,4,1
00008120-mask.png,0,0
00008120-mask.png,1,0
00008120-mask.png,2,0
00008120-mask.png,3,1
00008120-mask.png,4,1
00008125-mask.png,0,0
00008125-mask.png,1,0
00008125-mask.png,2,1
00008125-mask.png,3,1
00008125-mask.png,4,1
00008131-mask.png,0,0
00008131-mask.png,1,0
00008131-mask.png,2,1
00008131-mask.png,3,1
00008131-mask.png,4,1
00008142-mask.png,0,0
00008142-mask.png,1,0
00008142-mask.png,2,0
00008142-mask.png,3,0
00008142-mask.png,4,0
00008148-mask.png,0,0
00008148-mask.png,1,0
00008148-mask.png,2,0
00008148-mask.png,3,0
00008148-mask.png,4,1
00008154-mask.png,0,0
00008154-mask.png,1,0
00008154-mask.png,2,0
00008154-mask.png,3,0
00008154-mask.png,4,1
00008155-mask.png,0,0
00008155-mask.png,1,0
00008155-mask.png,2,0
00008155-mask.png,3,0
00008155-mask.png,4,1
00008160-mask.png,0,0
00008160-mask.png,1,0
00008160-mask.png,2,0
00008160-mask.png,3,0
00008160-mask.png,4,1
00008167-mask.png,0,0
00008167-mask.png,1,0
00008167-mask.png,2,0
00008167-mask.png,3,1
00008167-mask.png,4,1
00008173-mask.png,0,0
00008173-mask.png,1,0
00008173-mask.png,2,1
00008173-mask.png,3,1
00008173-mask.png,4,1
00008185-mask.png,0,0
00008185-mask.png,1,1
00008185-mask.png,2,1
00008185-mask.png,3,1
00008185-mask.png,4,1
00008192-mask.png,0,1
00008192-mask.png,1,1
00008192-mask.png,2,1
00008192-mask.png,3,1
00008192-mask.png,4,1
00008193-mask.png,0,1
00008193-mask.png,1,1
00008193-mask.png,2,1
00008193-mask.png,3,1
00008193-mask.png,4,1
00008198-mask.png,0,1
00008198-mask.png,1,1
00008198-mask.png,2,1
00008198-mask.png,3,1
00008198-mask.png,4,1
00008204-mask.png,0,1
00008204-mask.png,1,1
00008204-mask.png,2,1
00008204-mask.png,3,1
00008204-mask.png,4,1
00008217-mask.png,0,1
00008217-mask.png,1,1
00008217-mask.png,2,1
00008217-mask.png,3,1
00008217-mask.png,4,1
00008223-mask.png,0,1
00008223-mask.png,1,1
00008223-mask.png,2,1
00008223-mask.png,3,1
00008223-mask.png,4,1
00008224-mask.png,0,1
00008224-mask.png,1,1
00008224-mask.png,2,1
00008224-mask.png,3,1
00008224-mask.png,4,1
00008229-mask.png,0,1
00008229-mask.png,1,1
00008229-mask.png,2,1
00008229-mask.png,3,1
00008229-mask.png,4,1
00008236-mask.png,0,1
00008236-mask.png,1,1
00008236-mask.png,2,1
00008236-mask.png,3,1
00008236-mask.png,4,1
00008248-mask.png,0,1
00008248-mask.png,1,1
00008248-mask.png,2,1
00008248-mask.png,3,1
00008248-mask.png,4,1
00008254-mask.png,0,1
00008254-mask.png,1,1
00008254-mask.png,2,1
00008254-mask.png,3,1
00008254-mask.png,4,1
00008255-mask.png,0,1
00008255-mask.png,1,1
00008255-mask.png,2,1
00008255-mask.png,3,1
00008255-mask.png,4,1
00008260-mask.png,0,1
00008260-mask.png,1,1
00008260-mask.png,2,1
00008260-mask.png,3,1
00008260-mask.png,4,1
00008267-mask.png,0,1
00008267-mask.png,1,1
00008267-mask.png,2,1
00008267-mask.png,3,1
00008267-mask.png,4,1
00008279-mask.png,0,1
00008279-mask.png,1,1
00008279-mask.png,2,1
00008279-mask.png,3,1
00008279-mask.png,4,1
00008285-mask.png,0,1
00008285-mask.png,1,1
00008285-mask.png,2,1
00008285-mask.png,3,1
00008285-mask.png,4,1
00008286-mask.png,0,1
00008286-mask.png,1,1
00008286-mask.png,2,1
00008286-mask.png,3,1
00008286-mask.png,4,1
00008291-mask.png,0,1
00008291-mask.png,1,1
00008291-mask.png,2,1
00008291-mask.png,3,1
00008291-mask.png,4,1
00008297-mask.png,0,1
00008297-mask.png,1,1
00008297-mask.png,2,1
00008297-mask.png,3,1
00008297-mask.png,4,1
00008309-mask.png,0,0
00008309-mask.png,1,0
00008309-mask.png,2,1
00008309-mask.png,3,1
00008309-mask.png,4,1
00008316-mask.png,0,0
00008316-mask.png,1,0
00008316-mask.png,2,0
00008316-mask.png,3,1
00008316-mask.png,4,1
00008322-mask.png,0,0
00008322-mask.png,1,0
00008322-mask.png,2,0
00008322-mask.png,3,1
00008322-mask.png,4,1
00008323-mask.png,0,0
00008323-mask.png,1,0
00008323-mask.png,2,0
00008323-mask.png,3,1
00008323-mask.png,4,1
00008328-mask.png,0,0
00008328-mask.png,1,0
00008328-mask.png,2,0
00008328-mask.png,3,1
00008328-mask.png,4,1
00008334-mask.png,0,0
00008334-mask.png,1,0
00008334-mask.png,2,0
00008334-mask.png,3,1
00008334-mask.png,4,1
00008340-mask.png,0,0
00008340-mask.png,1,0
00008340-mask.png,2,0
00008340-mask.png,3,1
00008340-mask.png,4,1
00008349-mask.png,0,0
00008349-mask.png,1,0
00008349-mask.png,2,0
00008349-mask.png,3,1
00008349-mask.png,4,1
00008354-mask.png,0,0
00008354-mask.png,1,0
00008354-mask.png,2,0
00008354-mask.png,3,0
00008354-mask.png,4,1
00008355-mask.png,0,0
00008355-mask.png,1,0
00008355-mask.png,2,0
00008355-mask.png,3,0
00008355-mask.png,4,1
00008359-mask.png,0,0
00008359-mask.png,1,0
00008359-mask.png,2,0
00008359-mask.png,3,0
00008359-mask.png,4,1
00008365-mask.png,0,0
00008365-mask.png,1,0
00008365-mask.png,2,0
00008365-mask.png,3,0
00008365-mask.png,4,1
00008374-mask.png,0,0
00008374-mask.png,1,0
00008374-mask.png,2,0
00008374-mask.png,3,1
00008374-mask.png,4,1
00008379-mask.png,0,0
00008379-mask.png,1,0
00008379-mask.png,2,0
00008379-mask.png,3,1
00008379-mask.png,4,1
00008380-mask.png,0,0
00008380-mask.png,1,0
00008380-mask.png,2,0
00008380-mask.png,3,1
00008380-mask.png,4,1
00008384-mask.png,0,0
00008384-mask.png,1,0
00008384-mask.png,2,1
00008384-mask.png,3,1
00008384-mask.png,4,1
00008389-mask.png,0,0
00008389-mask.png,1,0
00008389-mask.png,2,1
00008389-mask.png,3,1
00008389-mask.png,4,1
00008398-mask.png,0,0
00008398-mask.png,1,1
00008398-mask.png,2,1
00008398-mask.png,3,1
00008398-mask.png,4,1
00008403-mask.png,0,0
00008403-mask.png,1,1
00008403-mask.png,2,1
00008403-mask.png,3,1
00008403-mask.png,4,1
00008404-mask.png,0,0
00008404-mask.png,1,1
00008404-mask.png,2,1
00008404-mask.png,3,1
00008404-mask.png,4,1
00008409-mask.png,0,1
00008409-mask.png,1,1
00008409-mask.png,2,1
00008409-mask.png,3,1
00008409-mask.png,4,1
00008413-mask.png,0,1
00008413-mask.png,1,1
00008413-mask.png,2,1
00008413-mask.png,3,1
00008413-mask.png,4,1
00008424-mask.png,0,1
00008424-mask.png,1,1
00008424-mask.png,2,1
00008424-mask.png,3,1
00008424-mask.png,4,1
00008428-mask.png,0,1
00008428-mask.png,1,1
00008428-mask.png,2,1
00008428-mask.png,3,1
00008428-mask.png,4,1
00008429-mask.png,0,1
00008429-mask.png,1,1
00008429-mask.png,2,1
00008429-mask.png,3,1
00008429-mask.png,4,1
00008433-mask.png,0,1
00008433-mask.png,1,1
00008433-mask.png,2,1
00008433-mask.png,3,1
00008433-mask.png,4,1
00008438-mask.png,0,1
00008438-mask.png,1,1
00008438-mask.png,2,1
00008438-mask.png,3,1
00008438-mask.png,4,1
00008448-mask.png,0,1
00008448-mask.png,1,1
00008448-mask.png,2,1
00008448-mask.png,3,1
00008448-mask.png,4,1
00008453-mask.png,0,1
00008453-mask.png,1,1
00008453-mask.png,2,1
00008453-mask.png,3,1
00008453-mask.png,4,1
00008458-mask.png,0,1
00008458-mask.png,1,1
00008458-mask.png,2,1
00008458-mask.png,3,1
00008458-mask.png,4,1
00008459-mask.png,0,1
00008459-mask.png,1,1
00008459-mask.png,2,1
00008459-mask.png,3,1
00008459-mask.png,4,1
00008463-mask.png,0,1
00008463-mask.png,1,1
00008463-mask.png,2,1
00008463-mask.png,3,1
00008463-mask.png,4,1
00008468-mask.png,0,1
00008468-mask.png,1,1
00008468-mask.png,2,1
00008468-mask.png,3,1
00008468-mask.png,4,1
00008473-mask.png,0,1
00008473-mask.png,1,1
00008473-mask.png,2,1
00008473-mask.png,3,1
00008473-mask.png,4,1
00008483-mask.png,0,1
00008483-mask.png,1,1
00008483-mask.png,2,1
00008483-mask.png,3,1
00008483-mask.png,4,1
00008488-mask.png,0,1
00008488-mask.png,1,1
00008488-mask.png,2,1
00008488-mask.png,3,1
00008488-mask.png,4,1
00008489-mask.png,0,1
00008489-mask.png,1,1
00008489-mask.png,2,1
00008489-mask.png,3,1
00008489-mask.png,4,1
00008493-mask.png,0,1
00008493-mask.png,1,1
00008493-mask.png,2,1
00008493-mask.png,3,1
00008493-mask.png,4,1
00008498-mask.png,0,1
00008498-mask.png,1,1
00008498-mask.png,2,1
00008498-mask.png,3,1
00008498-mask.png,4,1
00008508-mask.png,0,1
00008508-mask.png,1,1
00008508-mask.png,2,1
00008508-mask.png,3,1
00008508-mask.png,4,1
00008513-mask.png,0,1
00008513-mask.png,1,1
00008513-mask.png,2,1
00008513-mask.png,3,1
00008513-mask.png,4,1
00008514-mask.png,0,1
00008514-mask.png,1,1
00008514-mask.png,2,1
00008514-mask.png,3,1
00008514-mask.png,4,1
00008518-mask.png,0,1
00008518-mask.png,1,1
00008518-mask.png,2,1
00008518-mask.png,3,1
00008518-mask.png,4,1
00008523-mask.png,0,1
00008523-mask.png,1,1
00008523-mask.png,2,1
00008523-mask.png,3,1
00008523-mask.png,4,1
00008533-mask.png,0,1
00008533-mask.png,1,1
00008533-mask.png,2,1
00008533-mask.png,3,1
00008533-mask.png,4,1
00008538-mask.png,0,1
00008538-mask.png,1,1
00008538-mask.png,2,1
00008538-mask.png,3,1
00008538-mask.png,4,1
00008539-mask.png,0,1
00008539-mask.png,1,1
00008539-mask.png,2,1
00008539-mask.png,3,1
00008539-mask.png,4,1
00008543-mask.png,0,1
00008543-mask.png,1,1
00008543-mask.png,2,1
00008543-mask.png,3,1
00008543-mask.png,4,1
00008548-mask.png,0,1
00008548-mask.png,1,1
00008548-mask.png,2,1
00008548-mask.png,3,1
00008548-mask.png,4,1
00008557-mask.png,0,1
00008557-mask.png,1,1
00008557-mask.png,2,1
00008557-mask.png,3,1
00008557-mask.png,4,1
00008562-mask.png,0,1
00008562-mask.png,1,1
00008562-mask.png,2,1
00008562-mask.png,3,1
00008562-mask.png,4,1
00008563-mask.png,0,1
00008563-mask.png,1,1
00008563-mask.png,2,1
00008563-mask.png,3,1
00008563-mask.png,4,1
00008568-mask.png,0,1
00008568-mask.png,1,1
00008568-mask.png,2,1
00008568-mask.png,3,1
00008568-mask.png,4,1
00008573-mask.png,0,1
00008573-mask.png,1,1
00008573-mask.png,2,1
00008573-mask.png,3,1
00008573-mask.png,4,1
00008583-mask.png,0,1
00008583-mask.png,1,1
00008583-mask.png,2,1
00008583-mask.png,3,1
00008583-mask.png,4,1
00008588-mask.png,0,1
00008588-mask.png,1,1
00008588-mask.png,2,1
00008588-mask.png,3,1
00008588-mask.png,4,1
00008589-mask.png,0,1
00008589-mask.png,1,1
00008589-mask.png,2,1
00008589-mask.png,3,1
00008589-mask.png,4,1
00008593-mask.png,0,1
00008593-mask.png,1,1
00008593-mask.png,2,1
00008593-mask.png,3,1
00008593-mask.png,4,1
00008598-mask.png,0,1
00008598-mask.png,1,1
00008598-mask.png,2,1
00008598-mask.png,3,1
00008598-mask.png,4,1
00008603-mask.png,0,1
00008603-mask.png,1,1
00008603-mask.png,2,1
00008603-mask.png,3,1
00008603-mask.png,4,1
00008613-mask.png,0,1
00008613-mask.png,1,1
00008613-mask.png,2,1
00008613-mask.png,3,1
00008613-mask.png,4,1
00008618-mask.png,0,1
00008618-mask.png,1,1
00008618-mask.png,2,1
00008618-mask.png,3,1
00008618-mask.png,4,1
00008623-mask.png,0,1
00008623-mask.png,1,1
00008623-mask.png,2,1
00008623-mask.png,3,1
00008623-mask.png,4,1
00008624-mask.png,0,1
00008624-mask.png,1,1
00008624-mask.png,2,1
00008624-mask.png,3,1
00008624-mask.png,4,1
00008628-mask.png,0,1
00008628-mask.png,1,1
00008628-mask.png,2,1
00008628-mask.png,3,1
00008628-mask.png,4,1
00008633-mask.png,0,1
00008633-mask.png,1,1
00008633-mask.png,2,1
00008633-mask.png,3,1
00008633-mask.png,4,1
00008643-mask.png,0,1
00008643-mask.png,1,1
00008643-mask.png,2,1
00008643-mask.png,3,1
00008643-mask.png,4,1
00008648-mask.png,0,1
00008648-mask.png,1,1
00008648-mask.png,2,1
00008648-mask.png,3,1
00008648-mask.png,4,1
00008649-mask.png,0,1
00008649-mask.png,1,1
00008649-mask.png,2,1
00008649-mask.png,3,1
00008649-mask.png,4,1
00008653-mask.png,0,1
00008653-mask.png,1,1
00008653-mask.png,2,1
00008653-mask.png,3,1
00008653-mask.png,4,1
00008658-mask.png,0,1
00008658-mask.png,1,1
00008658-mask.png,2,1
00008658-mask.png,3,1
00008658-mask.png,4,1
00008667-mask.png,0,1
00008667-mask.png,1,1
00008667-mask.png,2,1
00008667-mask.png,3,1
00008667-mask.png,4,1
00008673-mask.png,0,1
00008673-mask.png,1,1
00008673-mask.png,2,1
00008673-mask.png,3,1
00008673-mask.png,4,1
00008674-mask.png,0,1
00008674-mask.png,1,1
00008674-mask.png,2,1
00008674-mask.png,3,1
00008674-mask.png,4,1
00008677-mask.png,0,1
00008677-mask.png,1,1
00008677-mask.png,2,1
00008677-mask.png,3,1
00008677-mask.png,4,1
00008682-mask.png,0,1
00008682-mask.png,1,1
00008682-mask.png,2,1
00008682-mask.png,3,1
00008682-mask.png,4,1
00008692-mask.png,0,1
00008692-mask.png,1,1
00008692-mask.png,2,1
00008692-mask.png,3,1
00008692-mask.png,4,1
00008698-mask.png,0,1
00008698-mask.png,1,1
00008698-mask.png,2,1
00008698-mask.png,3,1
00008698-mask.png,4,1
00008703-mask.png,0,1
00008703-mask.png,1,1
00008703-mask.png,2,1
00008703-mask.png,3,1
00008703-mask.png,4,1
00008708-mask.png,0,1
00008708-mask.png,1,1
00008708-mask.png,2,1
00008708-mask.png,3,1
00008708-mask.png,4,1
00008718-mask.png,0,1
00008718-mask.png,1,1
00008718-mask.png,2,1
00008718-mask.png,3,1
00008718-mask.png,4,1
00008722-mask.png,0,1
00008722-mask.png,1,1
00008722-mask.png,2,1
00008722-mask.png,3,1
00008722-mask.png,4,1
00008723-mask.png,0,1
00008723-mask.png,1,1
00008723-mask.png,2,1
00008723-mask.png,3,1
00008723-mask.png,4,1
00008727-mask.png,0,1
00008727-mask.png,1,1
00008727-mask.png,2,1
00008727-mask.png,3,1
00008727-mask.png,4,1
00008732-mask.png,0,1
00008732-mask.png,1,1
00008732-mask.png,2,1
00008732-mask.png,3,1
00008732-mask.png,4,1
00008737-mask.png,0,1
00008737-mask.png,1,1
00008737-mask.png,2,1
00008737-mask.png,3,1
00008737-mask.png,4,1
00008747-mask.png,0,1
00008747-mask.png,1,1
00008747-mask.png,2,1
00008747-mask.png,3,1
00008747-mask.png,4,1
00008752-mask.png,0,1
00008752-mask.png,1,1
00008752-mask.png,2,1
00008752-mask.png,3,1
00008752-mask.png,4,1
00008757-mask.png,0,1
00008757-mask.png,1,1
00008757-mask.png,2,1
00008757-mask.png,3,1
00008757-mask.png,4,1
00008758-mask.png,0,1
00008758-mask.png,1,1
00008758-mask.png,2,1
00008758-mask.png,3,1
00008758-mask.png,4,1
00008762-mask.png,0,1
00008762-mask.png,1,1
00008762-mask.png,2,1
00008762-mask.png,3,1
00008762-mask.png,4,1
00008767-mask.png,0,1
00008767-mask.png,1,1
00008767-mask.png,2,1
00008767-mask.png,3,1
00008767-mask.png,4,1
00008776-mask.png,0,1
00008776-mask.png,1,1
00008776-mask.png,2,1
00008776-mask.png,3,1
00008776-mask.png,4,1
00008782-mask.png,0,1
00008782-mask.png,1,1
00008782-mask.png,2,1
00008782-mask.png,3,1
00008782-mask.png,4,1
00008783-mask.png,0,1
00008783-mask.png,1,1
00008783-mask.png,2,1
00008783-mask.png,3,1
00008783-mask.png,4,1
00008788-mask.png,0,1
00008788-mask.png,1,1
00008788-mask.png,2,1
00008788-mask.png,3,1
00008788-mask.png,4,1
00008793-mask.png,0,1
00008793-mask.png,1,1
00008793-mask.png,2,1
00008793-mask.png,3,1
00008793-mask.png,4,1
00008804-mask.png,0,1
00008804-mask.png,1,1
00008804-mask.png,2,1
00008804-mask.png,3,1
00008804-mask.png,4,1
00008809-mask.png,0,1
00008809-mask.png,1,1
00008809-mask.png,2,1
00008809-mask.png,3,1
00008809-mask.png,4,1
00008810-mask.png,0,1
00008810-mask.png,1,1
00008810-mask.png,2,1
00008810-mask.png,3,1
00008810-mask.png,4,1
00008815-mask.png,0,1
00008815-mask.png,1,1
00008815-mask.png,2,1
00008815-mask.png,3,1
00008815-mask.png,4,1
00008819-mask.png,0,1
00008819-mask.png,1,1
00008819-mask.png,2,1
00008819-mask.png,3,1
00008819-mask.png,4,1
00008829-mask.png,0,1
00008829-mask.png,1,1
00008829-mask.png,2,1
00008829-mask.png,3,1
00008829-mask.png,4,1
00008834-mask.png,0,1
00008834-mask.png,1,1
00008834-mask.png,2,1
00008834-mask.png,3,1
00008834-mask.png,4,1
00008835-mask.png,0,1
00008835-mask.png,1,1
00008835-mask.png,2,1
00008835-mask.png,3,1
00008835-mask.png,4,1
00008839-mask.png,0,1
00008839-mask.png,1,1
00008839-mask.png,2,1
00008839-mask.png,3,1
00008839-mask.png,4,1
